-- phpMyAdmin SQL Dump
-- version 4.5.1
-- http://www.phpmyadmin.net
--
-- Host: 127.0.0.1
-- Generation Time: Dec 20, 2018 at 07:55 AM
-- Server version: 10.1.13-MariaDB
-- PHP Version: 5.6.20

SET SQL_MODE = "NO_AUTO_VALUE_ON_ZERO";
SET time_zone = "+00:00";


/*!40101 SET @OLD_CHARACTER_SET_CLIENT=@@CHARACTER_SET_CLIENT */;
/*!40101 SET @OLD_CHARACTER_SET_RESULTS=@@CHARACTER_SET_RESULTS */;
/*!40101 SET @OLD_COLLATION_CONNECTION=@@COLLATION_CONNECTION */;
/*!40101 SET NAMES utf8mb4 */;

--
-- Database: `jkbunk_s`
--

-- --------------------------------------------------------

--
-- Table structure for table `ci_sessions`
--

CREATE TABLE `ci_sessions` (
  `session_id` varchar(40) NOT NULL DEFAULT '0',
  `ip_address` varchar(45) NOT NULL DEFAULT '0',
  `user_agent` varchar(120) NOT NULL,
  `last_activity` int(10) UNSIGNED NOT NULL DEFAULT '0',
  `user_data` text NOT NULL
) ENGINE=MyISAM DEFAULT CHARSET=latin1;

--
-- Dumping data for table `ci_sessions`
--

INSERT INTO `ci_sessions` (`session_id`, `ip_address`, `user_agent`, `last_activity`, `user_data`) VALUES
('aaaa522c1e39d873bdea9947c8f66ce1', '127.0.0.1', 'Mozilla/5.0 (Windows NT 5.1) AppleWebKit/537.36 (KHTML, like Gecko) Chrome/35.0.1916.153 Safari/537.36', 1403771284, '');

-- --------------------------------------------------------

--
-- Table structure for table `company_info`
--

CREATE TABLE `company_info` (
  `cmp_id` int(11) NOT NULL,
  `company_name` varchar(150) NOT NULL,
  `company_address1` text NOT NULL,
  `company_address2` text NOT NULL,
  `company_email` varchar(255) NOT NULL,
  `company_contactNo` varchar(50) NOT NULL,
  `TIN` varchar(50) NOT NULL,
  `logo` varchar(900) NOT NULL,
  `createdBy` int(11) NOT NULL,
  `createdDate` datetime NOT NULL,
  `modiBy` int(11) NOT NULL,
  `modiDate` datetime NOT NULL
) ENGINE=MyISAM DEFAULT CHARSET=latin1;

--
-- Dumping data for table `company_info`
--

INSERT INTO `company_info` (`cmp_id`, `company_name`, `company_address1`, `company_address2`, `company_email`, `company_contactNo`, `TIN`, `logo`, `createdBy`, `createdDate`, `modiBy`, `modiDate`) VALUES
(1, 'Sri Shirdi Sai filling station', 'Jayampu village,Balayapalli manda', 'Nellore district', 'webdevelopment.ymts@gmail.com', '9700254925', '123456', 'Chrysanthemum.jpg', 0, '0000-00-00 00:00:00', 0, '0000-00-00 00:00:00');

-- --------------------------------------------------------

--
-- Table structure for table `department`
--

CREATE TABLE `department` (
  `department_id` int(11) NOT NULL,
  `dept_code` varchar(100) NOT NULL,
  `dept_name` varchar(150) NOT NULL,
  `createdDate` datetime NOT NULL,
  `createdBy` varchar(155) NOT NULL,
  `modifiedDate` datetime NOT NULL,
  `modifiedBy` varchar(155) NOT NULL,
  `del_dept` tinyint(4) NOT NULL,
  `InActive` int(1) NOT NULL
) ENGINE=MyISAM DEFAULT CHARSET=latin1;

--
-- Dumping data for table `department`
--

INSERT INTO `department` (`department_id`, `dept_code`, `dept_name`, `createdDate`, `createdBy`, `modifiedDate`, `modifiedBy`, `del_dept`, `InActive`) VALUES
(1, 'CAR2', 'CARDIOLOGY', '2017-10-17 18:33:27', 'Admin', '2017-10-31 20:34:11', 'Admin', 0, 0),
(2, 'LAB', 'LABORATORY', '2017-10-17 18:34:41', 'Admin', '0000-00-00 00:00:00', '', 0, 0),
(3, 'RAD', 'RADIOLOGY', '2017-10-17 18:35:04', 'Admin', '0000-00-00 00:00:00', '', 0, 0),
(4, 'TRA', 'TRANSPORT', '2017-10-31 20:11:27', 'Admin', '0000-00-00 00:00:00', '', 0, 0),
(5, 'SEC', 'SECURITY', '2017-10-31 20:12:11', 'Admin', '0000-00-00 00:00:00', '', 0, 0),
(6, 'OP', 'OP PHARMACY', '2017-10-31 20:12:36', 'Admin', '0000-00-00 00:00:00', '', 0, 0),
(7, 'IP', 'IP PHARMACY', '2017-10-31 20:12:48', 'Admin', '0000-00-00 00:00:00', '', 0, 0),
(8, 'OT', 'OT PHARMACY', '2017-10-31 20:13:24', 'Admin', '0000-00-00 00:00:00', '', 0, 0),
(9, 'ADM', 'ADMIN', '2017-10-31 20:14:03', 'Admin', '0000-00-00 00:00:00', '', 0, 0),
(10, 'MAI', 'MAINTENANCE', '2017-10-31 20:14:29', 'Admin', '0000-00-00 00:00:00', '', 0, 0),
(11, 'ICU', 'ICU', '2017-10-31 20:14:42', 'Admin', '0000-00-00 00:00:00', '', 0, 0),
(12, 'CAT', 'CATH LAB', '2017-10-31 20:14:56', 'Admin', '0000-00-00 00:00:00', '', 0, 0),
(13, 'BIO', 'BIO MEDICAL', '2017-10-31 20:15:45', 'Admin', '0000-00-00 00:00:00', '', 0, 0),
(14, 'ACC', 'ACCOUNTS', '2017-10-31 20:16:00', 'Admin', '0000-00-00 00:00:00', '', 0, 0),
(15, 'GEN', 'GENERAL STORE', '2017-10-31 20:16:13', 'Admin', '0000-00-00 00:00:00', '', 0, 0),
(16, 'PUL', 'PULMONOLOGY', '2017-12-28 20:00:56', 'Admin', '0000-00-00 00:00:00', '', 0, 0),
(17, 'CEN', 'CENTRAL PHARMACY', '2018-01-03 16:21:41', 'Admin', '0000-00-00 00:00:00', '', 0, 0),
(18, 'IPP', 'IPPHARMACY', '2018-01-03 16:22:30', 'Admin', '0000-00-00 00:00:00', '', 0, 0),
(19, 'FRO', 'FRONT OFFICE', '2018-01-24 14:15:55', 'Admin', '0000-00-00 00:00:00', '', 0, 0);

-- --------------------------------------------------------

--
-- Table structure for table `designation`
--

CREATE TABLE `designation` (
  `designation_id` int(11) NOT NULL,
  `designation` varchar(50) NOT NULL,
  `description` varchar(150) NOT NULL,
  `InActive` int(1) NOT NULL
) ENGINE=MyISAM DEFAULT CHARSET=latin1;

--
-- Dumping data for table `designation`
--

INSERT INTO `designation` (`designation_id`, `designation`, `description`, `InActive`) VALUES
(1, 'System Administrator', 'System Administrator', 0),
(2, 'Receptionist', 'Receptionist', 0),
(4, 'Doctor', 'Doctor', 0),
(5, 'Nurse', 'Nurse', 0),
(6, 'Pharmacist', 'Pharmacist', 0),
(7, 'Pathologist', 'Pathologist', 0),
(8, 'CASHIER', 'CASHIER', 0),
(9, 'Management', 'Management', 0),
(10, 'IT DEPARTMENT', 'IT', 0),
(11, 'FLOOR COORDINATOR', 'FLOOR COORDINATOR', 0),
(12, 'GENERAL MANAGER', 'GENERAL MANAGER', 0),
(13, 'NURSING SUPERINTENDENT', 'NURSING SUPERINTENDENT', 0),
(14, 'STORE MANAGER', 'STORE MANAGER', 0),
(15, 'PHYSIOTHERAPIST', 'PHYSIOTHERAPIST', 0),
(16, 'TRAINEE', 'TRAINEE', 0),
(17, 'ADMIN MANAGER', 'ADMIN MANAGER', 0);

-- --------------------------------------------------------

--
-- Table structure for table `dialy_sale_rate`
--

CREATE TABLE `dialy_sale_rate` (
  `rate_id` int(11) NOT NULL,
  `product` varchar(30) NOT NULL,
  `old_rate` float NOT NULL,
  `new_rate` float NOT NULL,
  `v_amt` varchar(50) NOT NULL,
  `ms` float NOT NULL,
  `amt` float NOT NULL,
  `rate_date` date NOT NULL,
  `createdDate` datetime NOT NULL,
  `createdBy` int(5) NOT NULL,
  `modiDate` datetime NOT NULL,
  `modiBy` int(5) NOT NULL,
  `InActive` tinyint(5) NOT NULL,
  `status` int(11) NOT NULL
) ENGINE=InnoDB DEFAULT CHARSET=latin1;

--
-- Dumping data for table `dialy_sale_rate`
--

INSERT INTO `dialy_sale_rate` (`rate_id`, `product`, `old_rate`, `new_rate`, `v_amt`, `ms`, `amt`, `rate_date`, `createdDate`, `createdBy`, `modiDate`, `modiBy`, `InActive`, `status`) VALUES
(1, '1', 78, 78.3, '0.3', 0, 0, '2018-12-11', '2018-12-11 14:54:05', 1, '0000-00-00 00:00:00', 0, 0, 0),
(2, '2', 83, 84.56, '1.56', 0, 0, '2018-12-11', '2018-12-11 14:54:05', 1, '0000-00-00 00:00:00', 0, 0, 0),
(3, '3', 75, 75.63, '0.63', 0, 0, '2018-12-11', '2018-12-11 14:54:05', 1, '0000-00-00 00:00:00', 0, 0, 0),
(4, '1', 78.3, 75, '-3.3', 0, 0, '2018-12-12', '2018-12-12 10:07:20', 1, '0000-00-00 00:00:00', 0, 0, 0),
(5, '2', 84.56, 84, '-0.56', 0, 0, '2018-12-12', '2018-12-12 10:07:20', 1, '0000-00-00 00:00:00', 0, 0, 0),
(6, '3', 75.63, 75, '-0.63', 0, 0, '2018-12-12', '2018-12-12 10:07:20', 1, '0000-00-00 00:00:00', 0, 0, 0),
(7, '1', 75, 76, '1', 0, 0, '0000-00-00', '2018-12-17 14:19:42', 1, '0000-00-00 00:00:00', 0, 0, 0),
(8, '2', 84, 85, '1', 0, 0, '0000-00-00', '2018-12-17 14:19:42', 1, '0000-00-00 00:00:00', 0, 0, 0),
(9, '3', 75, 77, '2', 0, 0, '0000-00-00', '2018-12-17 14:19:42', 1, '0000-00-00 00:00:00', 0, 0, 0),
(10, '1', 76, 77, '1', 0, 0, '0000-00-00', '2018-12-17 16:25:19', 1, '0000-00-00 00:00:00', 0, 0, 0),
(11, '2', 85, 99, '14', 0, 0, '0000-00-00', '2018-12-17 16:25:19', 1, '0000-00-00 00:00:00', 0, 0, 0),
(12, '3', 77, 101, '24', 0, 0, '0000-00-00', '2018-12-17 16:25:19', 1, '0000-00-00 00:00:00', 0, 0, 0);

-- --------------------------------------------------------

--
-- Table structure for table `howdid`
--

CREATE TABLE `howdid` (
  `howdid_id` int(11) NOT NULL,
  `howdid_name` varchar(500) NOT NULL,
  `howdid_desc` text NOT NULL,
  `InActive` int(1) NOT NULL
) ENGINE=MyISAM DEFAULT CHARSET=latin1;

--
-- Dumping data for table `howdid`
--

INSERT INTO `howdid` (`howdid_id`, `howdid_name`, `howdid_desc`, `InActive`) VALUES
(1, 'ONLINE AD', 'ONLINE Ad', 0),
(2, 'PAPER AD', 'Paper Ad', 0),
(3, 'TV AD', 'Tv Ad', 0),
(4, 'RELATIVE', 'RE', 0);

-- --------------------------------------------------------

--
-- Table structure for table `ip_admit`
--

CREATE TABLE `ip_admit` (
  `ip_id` int(50) NOT NULL,
  `umr_no` varchar(50) NOT NULL,
  `reg_no` varchar(20) NOT NULL,
  `admit_no` varchar(50) NOT NULL,
  `admit_date` datetime NOT NULL,
  `reason` varchar(50) NOT NULL,
  `admit_type` varchar(50) NOT NULL,
  `refsrc` varchar(50) NOT NULL,
  `payment_by` varchar(50) NOT NULL,
  `payee` int(30) NOT NULL,
  `how_admit` varchar(30) NOT NULL,
  `admit_purpose` int(50) NOT NULL,
  `reff_by` int(30) NOT NULL,
  `conslt_code` varchar(50) NOT NULL,
  `conslt_name` varchar(255) NOT NULL,
  `ward` varchar(30) NOT NULL,
  `room` varchar(30) NOT NULL,
  `bed` varchar(30) NOT NULL,
  `t_ward` varchar(30) NOT NULL,
  `transferdate` datetime NOT NULL,
  `exp_say` varchar(50) NOT NULL,
  `exp_say_select` varchar(50) NOT NULL,
  `no_passes` varchar(20) NOT NULL,
  `name` varchar(100) NOT NULL,
  `relation` varchar(100) NOT NULL,
  `mobile` varchar(50) NOT NULL,
  `paddress` varchar(255) NOT NULL,
  `pphone` varchar(50) NOT NULL,
  `pmobile` varchar(50) NOT NULL,
  `ip_admit_canc_no` varchar(100) NOT NULL,
  `admit_canc_date` datetime NOT NULL,
  `remarks` varchar(255) NOT NULL,
  `status` int(30) NOT NULL,
  `createdDate` datetime NOT NULL,
  `createdBy` varchar(100) NOT NULL,
  `modifiedDate` datetime NOT NULL,
  `modifiedBy` varchar(100) NOT NULL,
  `del_ipAdmit` int(11) NOT NULL,
  `appr_ipAdmit` tinyint(11) NOT NULL,
  `InActive` int(11) NOT NULL
) ENGINE=InnoDB DEFAULT CHARSET=latin1;

--
-- Dumping data for table `ip_admit`
--

INSERT INTO `ip_admit` (`ip_id`, `umr_no`, `reg_no`, `admit_no`, `admit_date`, `reason`, `admit_type`, `refsrc`, `payment_by`, `payee`, `how_admit`, `admit_purpose`, `reff_by`, `conslt_code`, `conslt_name`, `ward`, `room`, `bed`, `t_ward`, `transferdate`, `exp_say`, `exp_say_select`, `no_passes`, `name`, `relation`, `mobile`, `paddress`, `pphone`, `pmobile`, `ip_admit_canc_no`, `admit_canc_date`, `remarks`, `status`, `createdDate`, `createdBy`, `modifiedDate`, `modifiedBy`, `del_ipAdmit`, `appr_ipAdmit`, `InActive`) VALUES
(1, '000122', 'REG000122', 'IP1', '2017-12-12 17:03:19', 'dfdasfdsf', 'Emergency', 'Corporate', 'Corporate', 8, 'Walking', 102, 8, 'EMP00015', 'Dr. Bhadra ', 'RG3', 'GENERAL', 'B4', 'RG3', '2017-12-12 17:03:19', '10', 'Days', '', 'fghgf', 'Father', '9908746965', 'SRIKALAHASTHI 0', '', '', '', '0000-00-00 00:00:00', '', 0, '2017-12-12 17:04:23', 'Admin', '0000-00-00 00:00:00', '', 1, 1, 0),
(2, '000121', 'REG000121', 'IP2', '2017-12-13 12:47:15', 'fdsdf', 'General', 'walk in', 'Personal', 0, 'Wheel Chair', 0, 0, '00007', 'Dr. Jorge Gonzales', 'RG2', 'NON AC ROOMS', 'NON 3', 'RG2', '2017-12-13 12:47:15', '10', 'Days', '', 'zxcvzxc', 'Father', '9874563215', 'TIRUPATI 0', '', '', '', '0000-00-00 00:00:00', '', 0, '2017-12-13 12:48:06', 'Admin', '0000-00-00 00:00:00', '', 0, 1, 0),
(3, '000127', 'REG000127', 'IP3', '2017-12-23 15:20:08', 'mnbmbnm', 'Emergency', 'Corporate', 'Corporate', 8, 'Wheel Chair', 0, 8, '00014', 'Dr. Madhu Kakarla', 'RG3', 'GENERAL', 'B5', 'RG3', '2017-12-23 15:20:08', '10', 'Days', '67', 'ghjg', 'Father', '3463645645', 'sgdfg 0', '', '', '', '0000-00-00 00:00:00', '', 0, '2017-12-23 15:20:42', 'Admin', '0000-00-00 00:00:00', '', 0, 1, 0),
(4, '000126', 'REG000126', 'IP4', '2017-12-26 10:22:33', 'dfsd', 'Emergency', 'Corporate', 'Insurance', 9, 'Walking', 102, 8, 'EMP00015', 'Dr. Bhadra ', 'RG2', 'NON AC ROOMS', 'NON 5', 'RG2', '2017-12-26 10:22:33', '10', 'Days', '10', 'dfgd', 'Father', '9658965655', 'TEST 0', '', '', '', '0000-00-00 00:00:00', '', 0, '2017-12-26 10:23:19', 'Admin', '0000-00-00 00:00:00', '', 0, 0, 0),
(5, '000126', 'REG000126', 'IP5', '2017-12-26 10:57:45', 'fdgfd', 'General', 'walk in', 'Personal', 0, 'Wheel Chair', 0, 0, 'EMP00015', 'Dr. Bhadra ', 'RG1', 'ICCU WARD', 'ICCU3', 'RG1', '2017-12-26 10:57:45', '10', 'Days', '', 'fgh', 'Father', '9658965655', 'TEST 0', '', '', '', '0000-00-00 00:00:00', '', 0, '2017-12-26 11:00:04', 'Admin', '0000-00-00 00:00:00', '', 0, 0, 0),
(6, '000126', 'REG000126', 'IP6', '2017-12-26 11:16:14', 'asdas', 'General', 'walk in', 'Personal', 0, '0', 0, 0, 'EMP00016', 'Dr. YUGANDHAR ', 'RG1', 'ICCU WARD', 'ICCU4', 'RG1', '2017-12-26 11:16:14', '35', 'Days', '', 'dfgdf', 'Father', '9658965655', 'TEST 0', '', '', '', '0000-00-00 00:00:00', '', 0, '2017-12-26 11:16:35', 'Admin', '0000-00-00 00:00:00', '', 0, 0, 0),
(7, '000119', 'REG000119', 'IP7', '2017-12-26 11:16:35', '', 'General', 'walk in', 'Personal', 0, 'Walking', 0, 0, '00007', 'Dr. Jorge Gonzales', 'RG1', 'ICCU WARD', 'ICCU5', 'RG1', '2017-12-26 11:16:35', '34', 'Days', '', 'fdgdf', 'Father', '9848136988', 'N VADDIPALLI 0', '', '', '', '0000-00-00 00:00:00', '', 0, '2017-12-26 11:18:19', 'Admin', '0000-00-00 00:00:00', '', 1, 1, 0);

-- --------------------------------------------------------

--
-- Table structure for table `k_bankaccnts`
--

CREATE TABLE `k_bankaccnts` (
  `acc_id` int(11) NOT NULL,
  `bank_id` int(11) NOT NULL,
  `acc_holder` varchar(255) NOT NULL,
  `acc_number` varchar(255) NOT NULL,
  `acc_type` varchar(50) NOT NULL,
  `acc_des` varchar(255) NOT NULL,
  `createdBy` int(11) NOT NULL,
  `CreatedDate` datetime NOT NULL,
  `modiBy` int(11) NOT NULL,
  `modiDate` datetime NOT NULL,
  `InActive` int(11) NOT NULL,
  `status` int(11) NOT NULL
) ENGINE=InnoDB DEFAULT CHARSET=latin1;

--
-- Dumping data for table `k_bankaccnts`
--

INSERT INTO `k_bankaccnts` (`acc_id`, `bank_id`, `acc_holder`, `acc_number`, `acc_type`, `acc_des`, `createdBy`, `CreatedDate`, `modiBy`, `modiDate`, `InActive`, `status`) VALUES
(1, 1, 'jai', '25d81f22484', 'Owner', 'ok', 1, '2018-06-07 18:48:55', 0, '0000-00-00 00:00:00', 0, 0),
(2, 2, 'jailadin', '8549545884', 'Vendor', 'ok', 1, '2018-06-07 18:54:26', 0, '0000-00-00 00:00:00', 0, 0);

-- --------------------------------------------------------

--
-- Table structure for table `k_banks`
--

CREATE TABLE `k_banks` (
  `bank_id` int(11) NOT NULL,
  `bank_name` varchar(255) NOT NULL,
  `createdDate` datetime NOT NULL,
  `createdBy` int(11) NOT NULL,
  `modiBy` int(11) NOT NULL,
  `modiDate` datetime NOT NULL,
  `InActive` int(11) NOT NULL,
  `status` int(11) NOT NULL
) ENGINE=InnoDB DEFAULT CHARSET=latin1;

--
-- Dumping data for table `k_banks`
--

INSERT INTO `k_banks` (`bank_id`, `bank_name`, `createdDate`, `createdBy`, `modiBy`, `modiDate`, `InActive`, `status`) VALUES
(1, 'SBI Bank.', '2018-06-07 17:51:05', 1, 0, '0000-00-00 00:00:00', 0, 0),
(2, 'Union Bank', '2018-06-07 17:51:05', 1, 0, '0000-00-00 00:00:00', 0, 0);

-- --------------------------------------------------------

--
-- Table structure for table `k_calbrichat9kl`
--

CREATE TABLE `k_calbrichat9kl` (
  `chart_id` int(11) NOT NULL,
  `calibtank_id` int(11) NOT NULL,
  `dip_value` varchar(100) NOT NULL,
  `prodvolum` varchar(100) NOT NULL,
  `vol_increment` varchar(100) NOT NULL
) ENGINE=InnoDB DEFAULT CHARSET=latin1;

--
-- Dumping data for table `k_calbrichat9kl`
--

INSERT INTO `k_calbrichat9kl` (`chart_id`, `calibtank_id`, `dip_value`, `prodvolum`, `vol_increment`) VALUES
(1, 0, '0.00', '0.00', ''),
(2, 0, '0.50', '2.0', ''),
(3, 0, '1.00', '5.65', ''),
(4, 0, '1.50', '10.37', ''),
(5, 0, '2.00', '15.95', ''),
(6, 0, '2.50', '22.28', ''),
(7, 0, '3.00', '29.26', ''),
(8, 0, '3.50', '36.85', ''),
(9, 0, '4.00', '44.98', ''),
(10, 0, '4.50', '53.63', ''),
(11, 0, '5.00', '62.77', ''),
(12, 0, '5.50', '72.36', ''),
(13, 0, '6.00', '82.39', ''),
(14, 0, '6.50', '92.83', ''),
(15, 0, '7.00', '103.66', ''),
(16, 0, '7.50', '114.87', ''),
(17, 0, '8.00', '126.45', ''),
(18, 0, '8.50', '138.38', ''),
(19, 0, '9.00', '150.66', ''),
(20, 0, '9.50', '163.26', ''),
(21, 0, '10.00', '176.18', ''),
(22, 0, '10.50', '189.41', ''),
(23, 0, '11.00', '202.94', ''),
(24, 0, '11.50', '216.76', ''),
(25, 0, '12.00', '230.87', ''),
(26, 0, '12.50', '245.26', ''),
(27, 0, '13.00', '259.92', ''),
(28, 0, '13.50', '274.84', ''),
(29, 0, '14.00', '290.02', ''),
(30, 0, '14.50', '305.46', ''),
(31, 0, '15.00', '321.14', ''),
(32, 0, '15.50', '337.06', ''),
(33, 0, '16.00', '353.22', ''),
(34, 0, '16.50', '369.61', ''),
(35, 0, '17.00', '386.24', ''),
(36, 0, '17.50', '403.08', ''),
(37, 0, '18.00', '420.14', ''),
(38, 0, '18.50', '437.42', ''),
(39, 0, '19.00', '454.91', ''),
(40, 0, '19.50', '472.60', ''),
(41, 0, '20.00', '490.50', ''),
(42, 0, '20.50', '508.60', ''),
(43, 0, '21.00', '526.90', ''),
(44, 0, '21.50', '545.39', ''),
(45, 0, '22.00', '564.07', ''),
(46, 0, '22.50', '582.93', ''),
(47, 0, '23.00', '601.98', ''),
(48, 0, '23.50', '621.22', ''),
(49, 0, '24.00', '640.63', ''),
(50, 0, '24.50', '660.21', ''),
(51, 0, '25.00', '679.97', ''),
(52, 0, '25.50', '699.90', ''),
(53, 0, '26.00', '719.99', ''),
(54, 0, '26.50', '740.25', ''),
(55, 0, '27.00', '760.67', ''),
(56, 0, '27.50', '781.26', ''),
(57, 0, '28.00', '802.00', ''),
(58, 0, '28.50', '822.89', ''),
(59, 0, '29.00', '843.94', ''),
(60, 0, '29.50', '865.15', ''),
(61, 0, '30.00', '886.50', ''),
(62, 0, '30.50', '907.99', ''),
(63, 0, '31.00', '929.64', ''),
(64, 0, '31.50', '951.42', ''),
(65, 0, '32.00', '973.35', ''),
(66, 0, '32.50', '995.41', ''),
(67, 0, '33.00', '1017.60', ''),
(68, 0, '33.50', '1040.00', ''),
(69, 0, '34.00', '1062.40', ''),
(70, 0, '34.50', '1085.00', ''),
(71, 0, '35.00', '1107.80', ''),
(72, 0, '35.50', '1130.60', ''),
(73, 0, '36.00', '1153.60', ''),
(74, 0, '36.50', '1176.70', ''),
(75, 0, '37.00', '1200.00', ''),
(76, 0, '37.50', '1223.30', ''),
(77, 0, '38.00', '1246.80', ''),
(78, 0, '38.50', '1270.40', ''),
(79, 0, '39.00', '1294.10', ''),
(80, 0, '39.50', '1317.90', ''),
(81, 0, '40.00', '1341.90', ''),
(82, 0, '40.50', '1365.90', ''),
(83, 0, '41.00', '1390.10', ''),
(84, 0, '41.50', '1414.40', ''),
(85, 0, '42.00', '1438.80', ''),
(86, 0, '42.50', '1463.30', ''),
(87, 0, '43.00', '1487.90', ''),
(88, 0, '43.50', '1512.60', ''),
(89, 0, '44.00', '1537.40', ''),
(90, 0, '44.50', '1562.30', ''),
(91, 0, '45.00', '1587.30', ''),
(92, 0, '45.50', '1612.40', ''),
(93, 0, '46.00', '1637.60', ''),
(94, 0, '46.50', '1662.90', ''),
(95, 0, '47.00', '1688.30', ''),
(96, 0, '47.50', '1713.80', ''),
(97, 0, '48.00', '1739.30', ''),
(98, 0, '48.50', '1765.00', ''),
(99, 0, '49.00', '1790.80', ''),
(100, 0, '49.50', '1816.60', ''),
(101, 0, '50.00', '1842.60', ''),
(102, 0, '50.50', '1868.60', ''),
(103, 0, '51.00', '1894.70', ''),
(104, 0, '51.50', '1920.90', ''),
(105, 0, '52.00', '1947.20', ''),
(106, 0, '52.50', '1973.50', ''),
(107, 0, '53.00', '2000.00', ''),
(108, 0, '53.50', '2026.50', ''),
(109, 0, '54.00', '2053.10', ''),
(110, 0, '54.50', '2079.80', ''),
(111, 0, '55.00', '2106.50', ''),
(112, 0, '55.50', '2133.30', ''),
(113, 0, '56.00', '2160.20', ''),
(114, 0, '56.50', '2187.20', ''),
(115, 0, '57.00', '2214.30', ''),
(116, 0, '57.50', '2241.40', ''),
(117, 0, '58.00', '2268.60', ''),
(118, 0, '58.50', '2295.80', ''),
(119, 0, '59.00', '2323.20', ''),
(120, 0, '59.50', '2350.60', ''),
(121, 0, '60.00', '2378.00', ''),
(122, 0, '60.50', '2405.50', ''),
(123, 0, '61.00', '2433.10', ''),
(124, 0, '61.50', '2460.80', ''),
(125, 0, '62.00', '2488.50', ''),
(126, 0, '62.50', '2516.30', ''),
(127, 0, '63.00', '2544.10', ''),
(128, 0, '63.50', '2572.00', ''),
(129, 0, '64.00', '2600.00', ''),
(130, 0, '64.50', '2628.00', ''),
(131, 0, '65.00', '2656.10', ''),
(132, 0, '65.50', '2684.20', ''),
(133, 0, '66.00', '2712.40', ''),
(134, 0, '66.50', '2740.60', ''),
(135, 0, '67.00', '2768.90', ''),
(136, 0, '67.50', '2797.30', ''),
(137, 0, '68.00', '2825.70', ''),
(138, 0, '68.50', '2854.10', ''),
(139, 0, '69.00', '2882.60', ''),
(140, 0, '69.50', '2911.20', ''),
(141, 0, '70.00', '2939.80', ''),
(142, 0, '70.50', '2968.40', ''),
(143, 0, '71.00', '2997.10', ''),
(144, 0, '71.50', '3025.80', ''),
(145, 0, '72.00', '3054.60', ''),
(146, 0, '72.50', '3083.40', ''),
(147, 0, '73.00', '3112.30', ''),
(148, 0, '73.50', '3141.20', ''),
(149, 0, '74.00', '3170.10', ''),
(150, 0, '74.50', '3199.10', ''),
(151, 0, '75.00', '3228.20', ''),
(152, 0, '75.50', '3257.20', ''),
(153, 0, '76.00', '3286.30', ''),
(154, 0, '76.50', '3315.50', ''),
(155, 0, '77.00', '3344.70', ''),
(156, 0, '77.50', '3373.90', ''),
(157, 0, '78.00', '3403.10', ''),
(158, 0, '78.50', '3432.40', ''),
(159, 0, '79.00', '3461.70', ''),
(160, 0, '79.50', '3491.10', ''),
(161, 0, '80.00', '3520.40', ''),
(162, 0, '80.50', '3549.80', ''),
(163, 0, '81.00', '3579.30', ''),
(164, 0, '81.50', '3608.80', ''),
(165, 0, '82.00', '3638.20', ''),
(166, 0, '82.50', '3667.80', ''),
(167, 0, '83.00', '3697.30', ''),
(168, 0, '83.50', '3726.90', ''),
(169, 0, '84.00', '3756.50', ''),
(170, 0, '84.50', '3786.10', ''),
(171, 0, '85.00', '3815.80', ''),
(172, 0, '85.50', '3845.40', ''),
(173, 0, '86.00', '3875.10', ''),
(174, 0, '86.50', '3904.90', ''),
(175, 0, '87.00', '3934.60', ''),
(176, 0, '87.50', '3964.30', ''),
(177, 0, '88.00', '3994.10', ''),
(178, 0, '88.50', '4023.90', ''),
(179, 0, '89.00', '4053.70', ''),
(180, 0, '89.50', '4083.50', ''),
(181, 0, '90.00', '4113.40', ''),
(182, 0, '90.50', '4143.20', ''),
(183, 0, '91.00', '4173.10', ''),
(184, 0, '91.50', '4203.00', ''),
(185, 0, '92.00', '4232.90', ''),
(186, 0, '92.50', '4262.80', ''),
(187, 0, '93.00', '4292.70', ''),
(188, 0, '93.50', '4322.70', ''),
(189, 0, '94.00', '4352.60', ''),
(190, 0, '94.50', '4382.60', ''),
(191, 0, '95.00', '4412.50', ''),
(192, 0, '95.50', '4442.50', ''),
(193, 0, '96.00', '4472.50', ''),
(194, 0, '96.50', '4502.40', ''),
(195, 0, '97.00', '4532.40', ''),
(196, 0, '97.50', '4562.40', ''),
(197, 0, '98.00', '4592.40', ''),
(198, 0, '98.50', '4622.40', ''),
(199, 0, '99.00', '4652.40', ''),
(200, 0, '99.50', '4682.40', ''),
(201, 0, '100.00', '4712.40', ''),
(202, 0, '100.50', '4742.40', ''),
(203, 0, '101.00', '4772.40', ''),
(204, 0, '101.50', '4802.40', ''),
(205, 0, '102.00', '4832.40', ''),
(206, 0, '102.50', '4862.40', ''),
(207, 0, '103.00', '4892.40', ''),
(208, 0, '103.50', '4922.30', ''),
(209, 0, '104.00', '4952.30', ''),
(210, 0, '104.50', '4982.30', ''),
(211, 0, '105.00', '5012.30', ''),
(212, 0, '105.50', '5042.20', ''),
(213, 0, '106.00', '5072.20', ''),
(214, 0, '106.50', '5102.10', ''),
(215, 0, '107.00', '5132.00', ''),
(216, 0, '107.50', '5162.00', ''),
(217, 0, '108.00', '5191.90', ''),
(218, 0, '108.50', '5221.80', ''),
(219, 0, '109.00', '5251.70', ''),
(220, 0, '109.50', '5281.50', ''),
(221, 0, '110.00', '5311.40', ''),
(222, 0, '110.50', '5341.20', ''),
(223, 0, '111.00', '5371.10', ''),
(224, 0, '111.50', '5400.90', ''),
(225, 0, '112.00', '5430.70', ''),
(226, 0, '112.50', '5460.40', ''),
(227, 0, '113.00', '5490.20', ''),
(228, 0, '113.50', '5519.90', ''),
(229, 0, '114.00', '5549.60', ''),
(230, 0, '114.50', '5579.30', ''),
(231, 0, '115.00', '5609.00', ''),
(232, 0, '115.50', '5638.70', ''),
(233, 0, '116.00', '5668.30', ''),
(234, 0, '116.50', '5697.90', ''),
(235, 0, '117.00', '5727.50', ''),
(236, 0, '117.50', '5757.00', ''),
(237, 0, '118.00', '5786.50', ''),
(238, 0, '118.50', '5816.00', ''),
(239, 0, '119.00', '5845.50', ''),
(240, 0, '119.50', '5874.90', ''),
(241, 0, '120.00', '5904.30', ''),
(242, 0, '120.50', '5933.70', ''),
(243, 0, '121.00', '5963.10', ''),
(244, 0, '121.50', '5992.40', ''),
(245, 0, '122.00', '6021.70', ''),
(246, 0, '122.50', '6050.90', ''),
(247, 0, '123.00', '6080.10', ''),
(248, 0, '123.50', '6109.30', ''),
(249, 0, '124.00', '6138.40', ''),
(250, 0, '124.50', '6167.50', ''),
(251, 0, '125.00', '6196.60', ''),
(252, 0, '125.50', '6225.60', ''),
(253, 0, '126.00', '6254.60', ''),
(254, 0, '126.50', '6283.60', ''),
(255, 0, '127.00', '6312.50', ''),
(256, 0, '127.50', '6341.30', ''),
(257, 0, '128.00', '6370.20', ''),
(258, 0, '128.50', '6398.90', ''),
(259, 0, '129.00', '6427.70', ''),
(260, 0, '129.50', '6456.40', ''),
(261, 0, '130.00', '6485.00', ''),
(262, 0, '130.50', '6513.60', ''),
(263, 0, '131.00', '6542.20', ''),
(264, 0, '131.50', '6570.70', ''),
(265, 0, '132.00', '6599.10', ''),
(266, 0, '132.50', '6627.50', ''),
(267, 0, '133.00', '6655.80', ''),
(268, 0, '133.50', '6684.10', ''),
(269, 0, '134.00', '6712.40', ''),
(270, 0, '134.50', '6740.60', ''),
(271, 0, '135.00', '6768.70', ''),
(272, 0, '135.50', '6796.80', ''),
(273, 0, '136.00', '6824.80', ''),
(274, 0, '136.50', '6852.70', ''),
(275, 0, '137.00', '6880.60', ''),
(276, 0, '137.50', '6908.50', ''),
(277, 0, '138.00', '6936.30', ''),
(278, 0, '138.50', '6964.00', ''),
(279, 0, '139.00', '6991.60', ''),
(280, 0, '139.50', '7019.20', ''),
(281, 0, '140.00', '7046.80', ''),
(282, 0, '140.50', '7074.20', ''),
(283, 0, '141.00', '7101.60', ''),
(284, 0, '141.50', '7128.90', ''),
(285, 0, '142.00', '7156.20', ''),
(286, 0, '142.50', '7183.40', ''),
(287, 0, '143.00', '7210.50', ''),
(288, 0, '143.50', '7237.60', ''),
(289, 0, '144.00', '7264.50', ''),
(290, 0, '144.50', '7291.40', ''),
(291, 0, '145.00', '7318.30', ''),
(292, 0, '145.50', '7345.00', ''),
(293, 0, '146.00', '7371.70', ''),
(294, 0, '146.50', '7398.30', ''),
(295, 0, '147.00', '7424.80', ''),
(296, 0, '147.50', '7451.30', ''),
(297, 0, '148.00', '7477.60', ''),
(298, 0, '148.50', '7503.90', ''),
(299, 0, '149.00', '7530.10', ''),
(300, 0, '149.50', '7556.20', ''),
(301, 0, '150.00', '7582.20', ''),
(302, 0, '150.50', '7608.20', ''),
(303, 0, '151.00', '7634.00', ''),
(304, 0, '151.50', '7659.80', ''),
(305, 0, '152.00', '7685.40', ''),
(306, 0, '152.50', '7711.00', ''),
(307, 0, '153.00', '7736.50', ''),
(308, 0, '153.50', '7761.90', ''),
(309, 0, '154.00', '7787.20', ''),
(310, 0, '154.50', '7812.40', ''),
(311, 0, '155.00', '7837.50', ''),
(312, 0, '155.50', '7862.50', ''),
(313, 0, '156.00', '7887.40', ''),
(314, 0, '156.50', '7912.20', ''),
(315, 0, '157.00', '7936.90', ''),
(316, 0, '157.50', '7961.50', ''),
(317, 0, '158.00', '7986.00', ''),
(318, 0, '158.50', '8010.40', ''),
(319, 0, '159.00', '8034.70', ''),
(320, 0, '159.50', '8058.80', ''),
(321, 0, '160.00', '8082.90', ''),
(322, 0, '160.50', '8106.80', ''),
(323, 0, '161.00', '8130.70', ''),
(324, 0, '161.50', '8154.40', ''),
(325, 0, '162.00', '8178.00', ''),
(326, 0, '162.50', '8201.50', ''),
(327, 0, '163.00', '8224.80', ''),
(328, 0, '163.50', '8248.10', ''),
(329, 0, '164.00', '8271.20', ''),
(330, 0, '164.50', '8294.20', ''),
(331, 0, '165.00', '8317.00', ''),
(332, 0, '165.50', '8339.70', ''),
(333, 0, '166.00', '8362.40', ''),
(334, 0, '166.50', '8384.80', ''),
(335, 0, '167.00', '8407.20', ''),
(336, 0, '167.50', '8429.40', ''),
(337, 0, '168.00', '8451.40', ''),
(338, 0, '168.50', '8473.40', ''),
(339, 0, '169.00', '8495.10', ''),
(340, 0, '169.50', '8516.80', ''),
(341, 0, '170.00', '8538.30', ''),
(342, 0, '170.50', '8559.60', ''),
(343, 0, '171.00', '8580.80', ''),
(344, 0, '171.50', '8601.90', ''),
(345, 0, '172.00', '8622.80', ''),
(346, 0, '172.50', '8643.50', ''),
(347, 0, '173.00', '8664.10', ''),
(348, 0, '173.50', '8684.50', ''),
(349, 0, '174.00', '8704.80', ''),
(350, 0, '174.50', '8724.90', ''),
(351, 0, '175.00', '8744.80', ''),
(352, 0, '175.50', '8764.60', ''),
(353, 0, '176.00', '8784.20', ''),
(354, 0, '176.50', '8803.60', ''),
(355, 0, '177.00', '8822.80', ''),
(356, 0, '177.50', '8841.80', ''),
(357, 0, '178.00', '8860.70', ''),
(358, 0, '178.50', '8879.40', ''),
(359, 0, '179.00', '8897.90', ''),
(360, 0, '179.50', '8916.20', ''),
(361, 0, '180.00', '8934.30', ''),
(362, 0, '180.50', '8952.20', ''),
(363, 0, '181.00', '8969.90', ''),
(364, 0, '181.50', '8987.40', ''),
(365, 0, '182.00', '9004.60', ''),
(366, 0, '182.50', '9021.70', ''),
(367, 0, '183.00', '9038.50', ''),
(368, 0, '183.50', '9055.20', ''),
(369, 0, '184.00', '9071.60', ''),
(370, 0, '184.50', '9087.70', ''),
(371, 0, '185.00', '9103.60', ''),
(372, 0, '185.50', '9119.30', ''),
(373, 0, '186.00', '9134.80', ''),
(374, 0, '186.50', '9149.90', ''),
(375, 0, '187.00', '9164.90', ''),
(376, 0, '187.50', '9179.50', ''),
(377, 0, '188.00', '9193.90', ''),
(378, 0, '188.50', '9208.00', ''),
(379, 0, '189.00', '9221.80', ''),
(380, 0, '189.50', '9235.40', ''),
(381, 0, '190.00', '9248.60', ''),
(382, 0, '190.50', '9261.50', ''),
(383, 0, '191.00', '9274.10', ''),
(384, 0, '191.50', '9286.40', ''),
(385, 0, '192.00', '9298.30', ''),
(386, 0, '192.50', '9309.90', ''),
(387, 0, '193.00', '9321.10', ''),
(388, 0, '193.50', '9332.00', ''),
(389, 0, '194.00', '9342.40', ''),
(390, 0, '194.50', '9352.40', ''),
(391, 0, '195.00', '9362.00', ''),
(392, 0, '195.50', '9371.10', ''),
(393, 0, '196.00', '9379.80', ''),
(394, 0, '196.50', '9387.90', ''),
(395, 0, '197.00', '9395.50', ''),
(396, 0, '197.50', '9402.50', ''),
(397, 0, '198.00', '9408.80', ''),
(398, 0, '198.50', '9414.40', ''),
(399, 0, '199.00', '9419.10', ''),
(400, 0, '199.50', '9422.80', ''),
(401, 0, '200.00', '9424.80', '');

-- --------------------------------------------------------

--
-- Table structure for table `k_calbrichat10kl`
--

CREATE TABLE `k_calbrichat10kl` (
  `chart_id` int(11) NOT NULL,
  `calibtank_id` int(11) NOT NULL,
  `dip_value` varchar(100) NOT NULL,
  `prodvolum` varchar(100) NOT NULL,
  `vol_increment` varchar(100) NOT NULL
) ENGINE=InnoDB DEFAULT CHARSET=latin1;

--
-- Dumping data for table `k_calbrichat10kl`
--

INSERT INTO `k_calbrichat10kl` (`chart_id`, `calibtank_id`, `dip_value`, `prodvolum`, `vol_increment`) VALUES
(1, 2, '0.005', '0', '0'),
(2, 2, '0.01', '6.341227039', '0'),
(3, 2, '0.02', '17.90868206', '1.156745502'),
(4, 2, '0.03', '32.85062785', '1.494194579'),
(5, 2, '0.04', '50.50015981', '1.764953197'),
(6, 2, '0.05', '70.46874607', '1.996858626'),
(7, 2, '0.06', '92.49216965', '2.202342358'),
(8, 2, '0.07', '116.3749407', '2.388277104'),
(9, 2, '0.08', '141.9644045', '2.558946377'),
(10, 2, '0.09', '169.1367787', '2.717237419'),
(11, 2, '0.1', '197.7888544', '2.865207571'),
(12, 2, '0.11', '227.832706', '3.004385161'),
(13, 2, '0.12', '259.1921355', '3.135942949'),
(14, 2, '0.13', '291.800181', '3.260804552'),
(15, 2, '0.14', '325.5973114', '3.379713037'),
(16, 2, '0.15', '360.5300809', '3.493276954'),
(17, 2, '0.16', '396.5501035', '3.602002265'),
(18, 2, '0.17', '433.6132548', '3.706315126'),
(19, 2, '0.18', '471.6790401', '3.80657853'),
(20, 2, '0.19', '510.7100874', '3.903104734'),
(21, 2, '0.2', '550.6717344', '3.996164697'),
(22, 2, '0.21', '591.5316881', '4.085995368'),
(23, 2, '0.22', '633.259742', '4.172805394'),
(24, 2, '0.23', '675.8275386', '4.256779653'),
(25, 2, '0.24', '719.2083674', '4.338082882'),
(26, 2, '0.25', '763.3769937', '4.416862631'),
(27, 2, '0.26', '808.3095104', '4.493251672'),
(28, 2, '0.27', '853.9832104', '4.567369993'),
(29, 2, '0.28', '900.3764749', '4.639326452'),
(30, 2, '0.29', '947.4686766', '4.709220173'),
(32, 2, '0.3', '995.2400937', '4.777141715'),
(33, 2, '0.31', '1043.671834', '4.84317407'),
(34, 2, '0.32', '1092.741577', '4.907393513'),
(35, 2, '0.33', '1142.444473', '4.969870336'),
(36, 2, '0.34', '1192.751168', '5.030669475'),
(37, 2, '0.35', '1243.649678', '5.089851062'),
(38, 2, '0.36', '1295.124387', '5.147470896'),
(39, 2, '0.37', '1347.160196', '5.203580865'),
(40, 2, '0.38', '1399.742489', '5.258229312'),
(41, 2, '0.39', '1452.857103', '5.311461352'),
(42, 2, '0.4', '1506.490264', '5.363319168'),
(43, 2, '0.41', '1560.628717', '5.413842252'),
(44, 2, '0.42', '1615.259393', '5.46306764'),
(45, 2, '0.43', '1670.369694', '5.51103011'),
(46, 2, '0.44', '1725.947318', '5.557762362'),
(47, 2, '0.45', '1781.98027', '5.603295178'),
(48, 2, '0.46', '1838.456845', '5.647657573'),
(49, 2, '0.47', '1895.365615', '5.69087692'),
(50, 2, '0.48', '1952.695405', '5.732979073'),
(51, 2, '0.49', '2010.43529', '5.773988472'),
(52, 2, '0.5', '2068.574572', '5.813928243'),
(53, 2, '0.51', '2127.102775', '5.852820286'),
(54, 2, '0.52', '2186.009629', '5.890685354'),
(55, 2, '0.53', '2245.28506', '5.92754313'),
(56, 2, '0.54', '2304.919183', '5.963412291'),
(57, 2, '0.55', '2364.902289', '5.998310575'),
(58, 2, '0.56', '2425.224837', '6.032254833'),
(59, 2, '0.57', '2485.877448', '6.065261083'),
(60, 2, '0.58', '2546.850894', '6.097344561'),
(61, 2, '0.59', '2608.136091', '6.128519758'),
(62, 2, '0.6', '2669.724096', '6.158800468'),
(63, 2, '0.61', '2731.606094', '6.188199824'),
(64, 2, '0.62', '2793.773397', '6.21673033'),
(65, 2, '0.63', '2856.217436', '6.244403896'),
(66, 2, '0.64', '2918.929755', '6.271231866'),
(67, 2, '0.65', '2981.902005', '6.297225049'),
(68, 2, '0.66', '3045.125943', '6.322393742'),
(69, 2, '0.67', '3108.59342', '6.346747754'),
(70, 2, '0.68', '3172.296385', '6.370296429'),
(71, 2, '0.69', '3236.226871', '6.393048666'),
(72, 2, '0.7', '3300.377001', '6.415012941'),
(73, 2, '0.71', '3364.738974', '6.43619732'),
(74, 2, '0.72', '3429.305069', '6.456609482'),
(75, 2, '0.73', '3494.067636', '6.476256727'),
(76, 2, '0.74', '3559.019096', '6.495145997'),
(77, 2, '0.75', '3624.151935', '6.513283888'),
(79, 2, '0.76', '3689.458702', '6.53067666'),
(80, 2, '0.77', '3754.932004', '6.547330251'),
(81, 2, '0.78', '3820.564507', '6.563250289'),
(82, 2, '0.79', '3886.348928', '6.5784421'),
(83, 2, '0.8', '3952.278035', '6.592910717'),
(84, 2, '0.81', '4018.344644', '6.606660892'),
(85, 2, '0.82', '4084.541615', '6.619697103'),
(86, 2, '0.83', '4150.861851', '6.63202356'),
(87, 2, '0.84', '4217.298293', '6.643644213'),
(88, 2, '0.85', '4283.84392', '6.65456276'),
(89, 2, '0.86', '4350.491747', '6.664782653'),
(90, 2, '0.87', '4417.234818', '6.674307099'),
(91, 2, '0.88', '4484.066209', '6.683139074'),
(92, 2, '0.89', '4550.979022', '6.691281319'),
(93, 2, '0.9', '4617.966385', '6.698736349'),
(96, 2, '0.91', '4685.02145', '6.705506456'),
(97, 2, '0.92', '4752.137387', '6.711593714'),
(98, 2, '0.93', '4819.307387', '6.716999978'),
(99, 2, '0.94', '4886.524656', '6.721726892'),
(100, 2, '0.95', '4953.782415', '6.725775889'),
(101, 2, '0.96', '5021.073897', '6.729148192'),
(102, 2, '0.97', '5088.392345', '6.731844817'),
(103, 2, '0.98', '5155.731011', '6.733866578'),
(104, 2, '0.99', '5223.083151', '6.735214081'),
(105, 2, '1', '5290.442029', '6.735887732'),
(106, 2, '1.01', '5357.800906', '6.735887732'),
(107, 2, '1.02', '5425.513047', '6.735214081'),
(108, 2, '1.03', '5492.491713', '6.733866578'),
(109, 2, '1.04', '5559.810161', '6.731844817'),
(110, 2, '1.05', '5627.101643', '6.729148192'),
(111, 2, '1.06', '5694.359402', '6.725775889'),
(114, 2, '1.07', '5761.576670', '6.721726892'),
(115, 2, '1.08', '5828.746670', '6.716999978'),
(116, 2, '1.09', '5895.862607', '6.711593714'),
(117, 2, '1.1', '5962.917672', '6.705506456'),
(118, 2, '1.11', '6029.905035', '6.698736349'),
(119, 2, '1.12', '6096.817849', '6.691281319'),
(120, 2, '1.13', '6163.649239', '6.683139074'),
(121, 2, '1.14', '6230.392310', '6.674307099'),
(122, 2, '1.15', '6297.040137', '6.664782653'),
(123, 2, '1.16', '6363.585764', '6.654562760'),
(124, 2, '1.17', '6430.022207', '6.643644213'),
(125, 2, '1.18', '6496.342442', '6.632023560'),
(126, 2, '1.19', '6562.539413', '6.619697103'),
(127, 2, '1.2', '6628.606022', '6.606660892'),
(128, 2, '1.21', '6694.535129', '6.592910717'),
(129, 2, '1.22', '6760.319550', '6.578442100'),
(130, 2, '1.23', '6825.952053', '6.563250289'),
(131, 2, '1.24', '6891.425356', '6.547330251'),
(132, 2, '1.25', '6956.732122', '6.530676660'),
(133, 2, '1.26', '7021.864961', '6.513283888'),
(134, 2, '1.27', '7086.816421', '6.495145997'),
(135, 2, '1.28', '7151.578988', '6.476256727'),
(136, 2, '1.29', '7216.145083', '6.456609482'),
(137, 2, '1.3', '7280.507056', '6.436197320'),
(138, 2, '1.31', '7344.657186', '6.415012941'),
(139, 2, '1.32', '7408.587673', '6.393048666'),
(140, 2, '1.33', '7472.290637', '6.370296429'),
(141, 2, '1.34', '7535.758114', '6.346747754'),
(142, 2, '1.35', '7598.982052', '6.322393742'),
(143, 2, '1.36', '7661.954302', '6.297225049'),
(144, 2, '1.37', '7724.666621', '6.271231866'),
(145, 2, '1.38', '7787.110660', '6.244403896'),
(146, 2, '1.39', '7849.277963', '6.216730330'),
(147, 2, '1.4', '7911.159961', '6.188199824'),
(148, 2, '1.41', '7972.747966', '6.158800468'),
(149, 2, '1.42', '8034.033164', '6.128519758'),
(150, 2, '1.43', '8095.006609', '6.097344561'),
(151, 2, '1.44', '8155.659220', '6.065261083'),
(152, 2, '1.45', '8215.981768', '6.032254833'),
(153, 2, '1.46', '8275.964874', '5.998310575'),
(154, 2, '1.47', '8335.598997', '5.963412291'),
(155, 2, '1.48', '8394.874428', '5.927543130'),
(156, 2, '1.49', '8453.781282', '5.890685354'),
(157, 2, '1.5', '8512.309485', '5.852820286'),
(158, 2, '1.51', '8570.448767', '5.813928243'),
(159, 2, '1.52', '8628.188652', '5.773988472'),
(160, 2, '1.53', '8685.518443', '5.732979073'),
(161, 2, '1.54', '8742.427212', '5.690876920'),
(162, 2, '1.55', '8978.903788', '5.647657573'),
(163, 2, '1.56', '8854.936739', '5.603295178'),
(164, 2, '1.57', '8910.514363', '5.557762362'),
(165, 2, '1.58', '8965.624664', '5.511030110'),
(166, 2, '1.59', '9020.255341', '5.463067640'),
(167, 2, '1.6', '9074.393763', '5.413842252'),
(168, 2, '1.61', '9128.026955', '5.363319168'),
(169, 2, '1.62', '9181.141568', '5.311461352'),
(170, 2, '1.63', '9233.723861', '5.258229312'),
(171, 2, '1.64', '9285.759670', '5.203580865'),
(172, 2, '1.65', '9337.234379', '5.147470896'),
(173, 2, '1.66', '9388.132890', '5.089851062'),
(174, 2, '1.67', '9438.439584', '5.030669475'),
(175, 2, '1.68', '9488.138288', '4.969870336'),
(176, 2, '1.69', '9573.212223', '4.907393513'),
(177, 2, '1.7', '9585.643964', '4.843174070'),
(178, 2, '1.71', '9633.415381', '4.777141715'),
(179, 2, '1.72', '9680.507582', '4.709220173'),
(180, 2, '1.73', '9726.900847', '4.639326452'),
(181, 2, '1.74', '9772.574547', '4.567369993'),
(182, 2, '1.75', '9817.507064', '4.493251672'),
(183, 2, '1.76', '9861.675690', '4.416862631'),
(184, 2, '1.77', '9905.056519', '4.338082882'),
(185, 2, '1.78', '9947.624315', '4.256779653'),
(186, 2, '1.79', '9989.352369', '4.172805394'),
(187, 2, '1.8', '10030.21232', '4.085995368'),
(188, 2, '1.81', '10070.17397', '3.996164697'),
(189, 2, '1.82', '10109.20502', '3.903104734'),
(190, 2, '1.83', '10147.27080', '3.806578530'),
(191, 2, '1.84', '10184.33395', '3.706315126'),
(192, 2, '1.85', '10220.35398', '3.602002265'),
(193, 2, '1.86', '10255.28675', '3.493276954'),
(194, 2, '1.87', '10289.08388', '3.379713037'),
(195, 2, '1.88', '10321.69192', '3.260804552'),
(196, 2, '1.89', '10353.05135', '3.135942949'),
(197, 2, '1.9', '10383.09520', '3.004385161'),
(198, 2, '1.91', '10411.74728', '2.865207571'),
(199, 2, '1.92', '10438.91965', '2.717237419'),
(200, 2, '1.93', '10464.50912', '2.558946377'),
(201, 2, '1.94', '10488.39189', '2.388277104'),
(202, 2, '1.95', '10510.41531', '2.202342358'),
(203, 2, '1.96', '10530.38390', '1.996858626'),
(204, 2, '1.97', '10548.03343', '1.764953197'),
(205, 2, '1.98', '10562.97538', '1.494194579'),
(206, 2, '1.99', '10574.54283', '1.156745502'),
(207, 2, '2', '10580.88406', '0.634122704');

-- --------------------------------------------------------

--
-- Table structure for table `k_calbrichat15kl`
--

CREATE TABLE `k_calbrichat15kl` (
  `chart_id` int(11) NOT NULL,
  `calibtank_id` int(11) NOT NULL,
  `dip_value` float NOT NULL,
  `prodvolum` varchar(100) NOT NULL,
  `vol_increment` varchar(100) NOT NULL
) ENGINE=InnoDB DEFAULT CHARSET=latin1;

--
-- Dumping data for table `k_calbrichat15kl`
--

INSERT INTO `k_calbrichat15kl` (`chart_id`, `calibtank_id`, `dip_value`, `prodvolum`, `vol_increment`) VALUES
(2, 3, 0.5, '3.30', '0'),
(3, 3, 1, '9.35', '1.21'),
(4, 3, 1.5, '17.17', '1.56'),
(5, 3, 2, '26.41', '1.85'),
(6, 3, 2.5, '36.89', '2.10'),
(7, 3, 3, '48.45', '`2.31'),
(8, 3, 3.5, '61.01', '2.51'),
(9, 3, 4, '74.49', '2.70'),
(10, 3, 4.5, '88.81', '2.86'),
(11, 3, 5, '103.94', '3.03'),
(12, 3, 5.5, '119.82', '3.18'),
(13, 3, 6, '136.43', '3.32'),
(14, 3, 6.5, '153.71', '3.46'),
(15, 3, 7, '171.65', '3.59'),
(16, 3, 7.5, '190.23', '3.72'),
(17, 3, 8, '209.40', '3.83'),
(19, 3, 8.5, '229.16', '3.95'),
(20, 3, 9, '249.48', '4.06'),
(21, 3, 9.5, '270.35', '4.17'),
(22, 3, 10, '291.75', '4.28'),
(23, 3, 10.5, '313.65', '4.38'),
(24, 3, 11, '336.06', '4.48'),
(25, 3, 11.5, '358.95', '4.58'),
(26, 3, 12, '382.32', '4.67'),
(27, 3, 12.5, '406.14', '4.76'),
(28, 3, 13, '430.42', '4.86'),
(29, 3, 13.5, '455.13', '4.94'),
(30, 3, 14, '480.27', '5.03'),
(31, 3, 14.5, '505.83', '5.11'),
(32, 3, 15, '531.80', '5.19'),
(33, 3, 15.5, '558.17', '5.27'),
(34, 3, 16, '584.93', '5.35'),
(35, 3, 16.5, '612.08', '5.43'),
(36, 3, 17, '639.60', '5.50'),
(37, 3, 17.5, '667.49', '5.58'),
(38, 3, 18, '695.75', '5.65'),
(39, 3, 18.5, '724.36', '5.72'),
(40, 3, 19, '753.32', '5.79'),
(41, 3, 19.5, '782.63', '5.86'),
(42, 3, 20, '812.27', '5.93'),
(43, 3, 20.5, '842.24', '5.99'),
(44, 3, 21, '872.54', '6.06'),
(45, 3, 21.5, '903.16', '6.12'),
(46, 3, 22, '934.09', '6.19'),
(47, 3, 22.5, '965.33', '6.25'),
(48, 3, 23, '996.88', '6.31'),
(49, 3, 23.5, '1028.73', '6.37'),
(50, 3, 24, '1080.87', '6.43'),
(51, 3, 24.5, '1093.30', '6.49'),
(52, 3, 25, '1126.02', '6.54'),
(53, 3, 25.5, '1159.02', '6.60'),
(54, 3, 26, '1192.30', '6.66'),
(55, 3, 26.5, '1225.85', '6.71'),
(57, 3, 27, '1259.67', '6.76'),
(58, 3, 27.5, '1293.76', '6.82'),
(59, 3, 28, '1328.10', '6.87'),
(60, 3, 28.5, '1362.71', '6.92'),
(61, 3, 29, '1397.57', '6.97'),
(62, 3, 29.5, '1432.68', '7.02'),
(63, 3, 30, '1468.03', '7.07'),
(64, 3, 30.5, '1503.63', '7.12'),
(65, 3, 31, '1539.47', '7.17'),
(66, 3, 31.5, '1575.55', '7.22'),
(67, 3, 32, '1611.86', '7.26'),
(68, 3, 32.5, '1648.40', '7.31'),
(69, 3, 33, '1685.17', '7.35'),
(70, 3, 33.5, '1722.16', '7.40'),
(71, 3, 34, '1759.37', '7.44'),
(72, 3, 34.5, '1796.81', '7.49'),
(73, 3, 35, '1834.45', '7.53'),
(74, 3, 35.5, '1872.31', '7.57'),
(75, 3, 36, '1910.38', '7.61'),
(76, 3, 36.5, '1948.66', '7.66'),
(77, 3, 37, '1987.14', '7.70'),
(78, 3, 37.5, '2025.82', '7.74'),
(79, 3, 38, '2064.70', '7.78'),
(80, 3, 38.5, '2103.78', '7.82'),
(81, 3, 39, '2143.05', '7.85'),
(82, 3, 39.5, '2182.51', '7.89'),
(83, 3, 40, '2222.16', '7.93'),
(84, 3, 40.5, '2261.99', '7.97'),
(85, 3, 41, '2302.02', '8.01'),
(86, 3, 41.5, '2342.22', '8.04'),
(87, 3, 42, '2382.60', '8.08'),
(88, 3, 42.5, '2423.16', '8.11'),
(89, 3, 43, '2463.89', '8.15'),
(90, 3, 43.5, '2504.79', '8.18'),
(91, 3, 44, '2545.87', '8.22'),
(92, 3, 44.5, '2587.11', '8.25'),
(93, 3, 45, '2628.52', '8.28'),
(94, 3, 45.5, '2670.09', '8.31'),
(95, 3, 46, '2711.83', '8.35'),
(96, 3, 46.5, '2753.72', '8.38'),
(97, 3, 47, '2795.77', '8.41'),
(98, 3, 47.5, '2837.98', '8.44'),
(99, 3, 48, '2880.34', '8.47'),
(100, 3, 48.5, '2922.85', '8.50'),
(101, 3, 49, '2965.51', '8.53'),
(102, 3, 49.5, '3008.31', '8.56'),
(103, 3, 50, '3051.27', '8.59'),
(104, 3, 50.5, '3094.36', '8.62'),
(105, 3, 51, '3137.60', '8.65'),
(106, 3, 51.5, '3180.97', '8.67'),
(107, 3, 52, '3224.49', '8.70'),
(108, 3, 52.5, '3268.14', '8.73'),
(109, 3, 53, '3311.92', '8.76'),
(110, 3, 53.5, '3355.84', '8.78'),
(111, 3, 54, '3399.89', '8.81'),
(113, 3, 54.5, '3444.06', '8.83'),
(114, 3, 55, '3488.37', '8.86'),
(115, 3, 55.5, '3532.79', '8.88'),
(116, 3, 56, '3577.35', '8.91'),
(117, 3, 56.5, '3622.02', '8.93'),
(118, 3, 57, '3666.81', '8.96'),
(119, 3, 57.5, '3711.72', '8.98'),
(120, 3, 58, '3756.75', '9.01'),
(121, 3, 58.5, '3801.89', '9.03'),
(122, 3, 59, '3847.15', '9.05'),
(123, 3, 59.5, '3892.52', '9.07'),
(124, 3, 60, '3938.00', '9.10'),
(125, 3, 60.5, '3983.58', '9.12'),
(126, 3, 61, '4029.28', '9.14'),
(127, 3, 61.5, '4075.07', '9.16'),
(128, 3, 62, '4120.98', '9.18'),
(129, 3, 62.5, '4166.98', '9.20'),
(130, 3, 63, '4213.09', '9.22'),
(132, 3, 63.5, '4259.29', '9.24'),
(133, 3, 64, '4305.59', '9.26'),
(134, 3, 64.5, '4351.99', '9.28'),
(135, 3, 65, '4398.48', '9.30'),
(136, 3, 65.5, '4445.06', '9.32'),
(137, 3, 66, '4491.74', '9.34'),
(138, 3, 66.5, '4538.50', '9.35'),
(139, 3, 67, '4585.35', '9.37'),
(140, 3, 67.5, '4632.30', '9.39'),
(141, 3, 68, '4679.32', '9.40'),
(142, 3, 68.5, '4726.43', '9.42'),
(143, 3, 69, '4773.62', '9.44'),
(144, 3, 69.5, '4820.89', '9.45'),
(145, 3, 70, '4868.25', '9.47'),
(146, 3, 70.5, '4915.68', '9.49'),
(147, 3, 71, '4963.18', '9.50'),
(148, 3, 71.5, '5010.77', '9.52'),
(149, 3, 72, '5058.42', '9.53'),
(150, 3, 72.5, '5106.15', '9.55'),
(151, 3, 73, '5153.95', '9.56'),
(152, 3, 73.5, '5201.82', '9.57'),
(153, 3, 74, '5249.76', '9.59'),
(154, 3, 74.5, '5297.76', '9.60'),
(155, 3, 75, '5345.83', '9.61'),
(156, 3, 75.5, '5393.97', '9.63'),
(157, 3, 76, '5442.17', '9.64'),
(158, 3, 76.5, '5490.42', '9.65'),
(159, 3, 77, '5538.74', '9.66'),
(160, 3, 77.5, '5587.12', '9.68'),
(161, 3, 78, '5635.55', '9.69'),
(162, 3, 78.5, '5684.05', '9.70'),
(163, 3, 79, '5732.59', '9.71'),
(164, 3, 79.5, '5781.19', '9.72'),
(165, 3, 80, '5829.84', '9.73'),
(166, 3, 80.5, '5878.54', '9.74'),
(167, 3, 81, '5927.29', '9.75'),
(168, 3, 81.5, '5976.09', '9.76'),
(169, 3, 82, '6024.94', '9.77'),
(170, 3, 82.5, '6073.83', '9.78'),
(171, 3, 83, '6122.76', '9.79'),
(172, 3, 83.5, '6171.74', '9.80'),
(174, 3, 84, '6220.76', '9.80'),
(175, 3, 84.5, '6269.82', '9.81'),
(176, 3, 85, '6318.92', '9.82'),
(177, 3, 85.5, '6368.06', '9.83'),
(178, 3, 86, '6417.23', '9.83'),
(179, 3, 86.5, '6466.44', '9.84'),
(180, 3, 87, '6515.68', '9.85'),
(181, 3, 87.5, '6564.95', '9.85'),
(182, 3, 88, '6614.26', '9.86'),
(183, 3, 88.5, '6663.59', '9.87'),
(184, 3, 89, '6712.96', '9.87'),
(185, 3, 89.5, '6762.35', '9.88'),
(186, 3, 90, '6811.77', '9.88'),
(187, 3, 90.5, '6861.21', '9.89'),
(188, 3, 91, '6910.68', '9.89'),
(189, 3, 91.5, '6960.17', '9.90'),
(190, 3, 92, '7009.68', '9.90'),
(191, 3, 92.5, '7059.21', '9.91'),
(192, 3, 93, '7108.76', '9.91'),
(193, 3, 93.5, '7158.33', '9.91'),
(195, 3, 94, '7207.91', '9.92'),
(196, 3, 94.5, '7257.51', '9.92'),
(197, 3, 95, '7307.12', '9.92'),
(198, 3, 95.5, '7356.74', '9.92'),
(199, 3, 96, '7406.38', '9.93'),
(200, 3, 96.5, '7456.02', '9.93'),
(201, 3, 97, '7505.68', '9.93'),
(202, 3, 97.5, '7555.34', '9.93'),
(203, 3, 98, '7605.00', '9.93'),
(204, 3, 98.5, '7654.68', '9.94'),
(205, 3, 99, '7704.35', '9.93'),
(206, 3, 99.5, '7754.03', '9.94'),
(207, 3, 100, '7803.71', '9.94'),
(208, 3, 100.5, '7853.39', '9.94'),
(209, 3, 101, '7903.07', '9.94'),
(210, 3, 101.5, '7952.75', '9.94'),
(211, 3, 102, '8002.42', '9.93'),
(212, 3, 102.5, '8052.09', '9.93'),
(213, 3, 103, '8101.75', '9.93'),
(214, 3, 103.5, '8151.40', '9.93'),
(215, 3, 104, '8201.05', '9.93'),
(216, 3, 104.5, '8250.68', '9.93'),
(217, 3, 105, '8300.30', '9.92'),
(218, 3, 105.5, '8349.92', '9.92'),
(219, 3, 106, '8399.51', '9.92'),
(220, 3, 106.5, '8449.10', '9.92'),
(221, 3, 107, '8498.66', '9.91'),
(222, 3, 107.5, '8548.21', '9.91'),
(223, 3, 108, '8597.74', '9.91'),
(224, 3, 108.5, '8647.25', '9.90'),
(225, 3, 109, '8696.74', '9.90'),
(226, 3, 109.5, '8746.21', '9.89'),
(227, 3, 110, '8795.65', '9.89'),
(228, 3, 110.5, '8845.07', '9.88'),
(229, 3, 111, '8894.46', '9.88'),
(230, 3, 111.5, '8943.83', '9.87'),
(231, 3, 112, '8993.16', '9.87'),
(232, 3, 112.5, '9042.47', '9.86'),
(233, 3, 113, '9091.74', '9.85'),
(234, 3, 113.5, '9140.99', '9.85'),
(235, 3, 114, '9190.19', '9.84'),
(236, 3, 114.5, '9239.37', '9.84'),
(237, 3, 115, '9288.50', '9.83'),
(238, 3, 115.5, '9337.60', '9.82'),
(239, 3, 116, '9386.66', '9.81'),
(240, 3, 116.5, '9435.68', '9.80'),
(241, 3, 117, '9484.66', '9.80'),
(242, 3, 117.5, '9533.59', '9.79'),
(243, 3, 118, '9582.49', '9.78'),
(244, 3, 118.5, '9631.33', '9.77'),
(246, 3, 119, '9680.13', '9.76'),
(247, 3, 119.5, '9728.88', '9.75'),
(248, 3, 120, '9777.58', '9.74'),
(249, 3, 120.5, '9826.23', '9.73'),
(250, 3, 121, '9874.83', '9.72'),
(251, 3, 121.5, '9923.38', '9.71'),
(252, 3, 122, '9971.87', '9.70'),
(253, 3, 122.5, '10020.30', '9.69'),
(254, 3, 123, '10068.68', '9.68'),
(255, 3, 123.5, '10117.00', '9.66'),
(256, 3, 124, '10165.26', '9.65'),
(257, 3, 124.5, '10213.45', '9.64'),
(258, 3, 125, '10261.59', '9.63'),
(259, 3, 125.5, '10309.66', '9.61'),
(260, 3, 126, '10357.66', '9.60'),
(261, 3, 126.5, '10405.60', '9.59'),
(262, 3, 127, '10453.47', '9.57'),
(263, 3, 127.5, '10501.27', '9.56'),
(264, 3, 128, '10549.00', '9.55'),
(265, 3, 128.5, '10596.66', '9.53'),
(266, 3, 129, '10644.24', '9.52'),
(267, 3, 129.5, '10691.74', '9.50'),
(268, 3, 130, '10739.18', '9.49'),
(269, 3, 130.5, '10766.53', '9.47'),
(270, 3, 131, '10833.80', '9.45'),
(271, 3, 131.5, '10880.99', '9.44'),
(272, 3, 132, '10928.10', '9.42'),
(273, 3, 132.5, '10975.13', '9.41'),
(274, 3, 133, '11022.07', '9.39'),
(275, 3, 133.5, '11068.92', '9.37'),
(276, 3, 134, '11115.69', '9.35'),
(277, 3, 134.5, '11162.36', '9.33'),
(278, 3, 135, '11208.94', '9.32'),
(279, 3, 135.5, '11255.44', '9.30'),
(280, 3, 136, '11301.83', '9.28'),
(281, 3, 136.5, '11348.13', '9.26'),
(282, 3, 137, '11394.34', '9.24'),
(283, 3, 137.5, '11440.44', '9.22'),
(284, 3, 138, '11486.45', '9.20'),
(285, 3, 138.5, '11532.35', '9.18'),
(286, 3, 139, '11578.15', '9.16'),
(287, 3, 139.5, '11623.84', '9.14'),
(288, 3, 140, '11669.43', '9.12'),
(289, 3, 140.5, '11714.90', '9.09'),
(290, 3, 141, '11760.27', '9.07'),
(291, 3, 141.5, '11805.53', '9.05'),
(292, 3, 142, '11850.67', '9.03'),
(293, 3, 142.5, '11895.70', '9.01'),
(294, 3, 143, '11940.61', '8.98'),
(297, 3, 143.5, '11985.40', '8.96'),
(298, 3, 144, '12030.08', '8.94'),
(299, 3, 144.5, '12074.63', '8.91'),
(301, 3, 145, '12119.06', '8.89'),
(302, 3, 145.5, '12163.36', '8.86'),
(303, 3, 146, '12207.53', '8.83'),
(304, 3, 146.5, '12251.58', '8.81'),
(305, 3, 147, '12295.50', '8.78'),
(306, 3, 147.5, '12339.28', '8.76'),
(307, 3, 148, '12382.93', '8.73'),
(308, 3, 148.5, '12426.45', '8.70'),
(309, 3, 149, '12469.82', '8.67'),
(311, 3, 149.5, '12513.06', '8.65'),
(312, 3, 150, '12556.16', '8.62'),
(314, 3, 150.5, '12599.11', '8.59'),
(315, 3, 151, '12641.92', '8.56'),
(316, 3, 151.5, '12684.58', '8.53'),
(317, 3, 152, '12727.09', '8.50'),
(318, 3, 152.5, '12769.44', '8.47'),
(319, 3, 153, '12811.65', '8.44'),
(320, 3, 153.5, '12853.70', '8.41'),
(321, 3, 154, '12895.59', '8.38'),
(322, 3, 154.5, '12937.33', '8.35'),
(323, 3, 155, '12978.90', '8.31'),
(324, 3, 155.5, '13020.31', '8.28'),
(325, 3, 156, '13061.55', '8.25'),
(326, 3, 156.5, '13102.63', '8.22'),
(327, 3, 157, '13143.53', '8.18'),
(328, 3, 157.5, '13184.27', '8.15'),
(329, 3, 158, '13224.82', '8.11'),
(330, 3, 158.5, '13265.21', '8.08'),
(331, 3, 159, '13305.41', '8.04'),
(332, 3, 159.5, '13345.43', '8.00'),
(333, 3, 160, '13385.26', '7.97'),
(334, 3, 160.5, '13424.92', '7.93'),
(335, 3, 161, '13464.38', '7.89'),
(336, 3, 161.5, '13503.65', '7.85'),
(337, 3, 162, '13542.72', '7.81'),
(338, 3, 162.5, '13581.60', '7.78'),
(339, 3, 163, '13620.29', '7.74'),
(340, 3, 163.5, '13658.77', '7.70'),
(342, 3, 164, '13697.04', '7.65'),
(343, 3, 164.5, '13735.11', '7.61'),
(344, 3, 165, '13772.97', '7.57'),
(345, 3, 165.5, '13810.62', '7.53'),
(346, 3, 166, '13848.05', '7.49'),
(347, 3, 166.5, '13885.26', '7.44'),
(348, 3, 167, '13922.25', '7.40'),
(349, 3, 167.5, '13959.02', '7.35'),
(350, 3, 168, '13995.56', '7.31'),
(351, 3, 168.5, '14031.87', '7.26'),
(352, 3, 169, '14067.95', '7.22'),
(353, 3, 169.5, '14103.79', '7.17'),
(354, 3, 170, '14139.39', '7.12'),
(356, 3, 170.5, '14174.75', '7.07'),
(357, 3, 171, '14209.85', '7.02'),
(358, 3, 171.5, '14244.71', '6.97'),
(359, 3, 172, '14279.32', '6.92'),
(360, 3, 172.5, '14313.67', '6.87'),
(361, 3, 173, '14347.75', '6.82'),
(362, 3, 173.5, '14381.57', '6.76'),
(363, 3, 174, '14415.12', '6.71'),
(364, 3, 174.5, '14448.40', '6.66'),
(365, 3, 175, '14481.40', '6.60'),
(366, 3, 175.5, '14514.12', '6.54'),
(367, 3, 176, '14546.55', '6.49'),
(368, 3, 176.5, '14578.69', '6.43'),
(369, 3, 177, '14610.54', '6.37'),
(370, 3, 177.5, '14642.09', '6.31'),
(371, 3, 178, '14673.33', '6.25'),
(372, 3, 178.5, '14704.26', '6.19'),
(373, 3, 179, '14734.88', '6.12'),
(374, 3, 179.5, '14765.18', '6.06'),
(375, 3, 180, '14795.15', '5.99'),
(376, 3, 180.5, '14824.80', '5.93'),
(377, 3, 181, '14854.10', '5.86'),
(378, 3, 181.5, '14883.06', '5.79'),
(379, 3, 182, '14911.67', '5.72'),
(380, 3, 182.5, '14939.93', '5.65'),
(381, 3, 183, '14967.82', '5.58'),
(382, 3, 183.5, '14995.35', '5.51'),
(383, 3, 184, '15022.49', '5.43'),
(384, 3, 184.5, '15049.25', '5.35'),
(385, 3, 185, '15075.62', '5.27'),
(386, 3, 185.5, '15101.59', '5.19'),
(387, 3, 186, '15127.15', '5.11'),
(388, 3, 186.5, '15152.29', '5.03'),
(389, 3, 187, '15177.00', '4.94'),
(390, 3, 187.5, '15201.28', '4.86'),
(391, 3, 188, '15225.10', '4.76'),
(392, 3, 188.5, '15248.47', '4.67'),
(393, 3, 189, '15271.36', '4.58'),
(394, 3, 189.5, '15293.77', '4.48'),
(395, 3, 190, '15315.68', '4.38'),
(396, 3, 190.5, '15337.07', '4.28'),
(397, 3, 191, '15357.94', '4.17'),
(398, 3, 191.5, '15378.26', '4.06'),
(399, 3, 192, '15398.02', '3.95'),
(400, 3, 192.5, '15417.20', '3.84'),
(401, 3, 193, '15435.77', '3.71'),
(402, 3, 193.5, '15453.71', '3.59'),
(403, 3, 194, '15471.00', '3.46'),
(404, 3, 194.5, '15487.60', '3.32'),
(405, 3, 195, '15503.48', '3.18'),
(406, 3, 195.5, '15518.61', '3.03'),
(407, 3, 196, '15532.94', '2.87'),
(408, 3, 196.5, '15546.41', '2.69'),
(409, 3, 197, '15558.97', '2.51'),
(410, 3, 197.5, '15570.54', '2.31'),
(411, 3, 198, '15581.01', '2.09'),
(412, 3, 198.5, '15590.26', '1.85'),
(413, 3, 199, '15598.07', '1.56'),
(414, 3, 199.5, '15604.12', '1.21'),
(415, 3, 200, '15607.43', '0.86');

-- --------------------------------------------------------

--
-- Table structure for table `k_calbrichat16kl`
--

CREATE TABLE `k_calbrichat16kl` (
  `chart_id` int(11) NOT NULL,
  `calibtank_id` int(11) NOT NULL,
  `dip_value` varchar(100) NOT NULL,
  `prodvolum` varchar(100) NOT NULL,
  `vol_increment` varchar(100) NOT NULL
) ENGINE=InnoDB DEFAULT CHARSET=latin1;

--
-- Dumping data for table `k_calbrichat16kl`
--

INSERT INTO `k_calbrichat16kl` (`chart_id`, `calibtank_id`, `dip_value`, `prodvolum`, `vol_increment`) VALUES
(1, 0, '1', '10', ''),
(2, 0, '2', '29', ''),
(3, 0, '3', '53', ''),
(4, 0, '4', '81', ''),
(5, 0, '5', '113', ''),
(6, 0, '6', '149', ''),
(7, 0, '7', '187', ''),
(8, 0, '8', '228', ''),
(9, 0, '9', '272', ''),
(10, 0, '10', '318', ''),
(11, 0, '11', '366', ''),
(12, 0, '12', '416', ''),
(13, 0, '13', '469', ''),
(14, 0, '14', '523', ''),
(15, 0, '15', '579', ''),
(16, 0, '16', '637', ''),
(17, 0, '17', '696', ''),
(18, 0, '18', '758', ''),
(19, 0, '19', '820', ''),
(20, 0, '20', '884', ''),
(21, 0, '21', '950', ''),
(22, 0, '22', '1017', ''),
(23, 0, '23', '1085', ''),
(24, 0, '24', '1155\r\n', ''),
(25, 0, '25', '1226', ''),
(26, 0, '26', '1298', ''),
(27, 0, '27', '1371', ''),
(28, 0, '28', '1446', ''),
(29, 0, '29', '1522', ''),
(30, 0, '30', '1598', ''),
(31, 0, '31', '1676', ''),
(32, 0, '32', '1755', ''),
(33, 0, '33', '1835', ''),
(34, 0, '34', '1916', ''),
(35, 0, '35', '1997', ''),
(36, 0, '36', '2080', ''),
(37, 0, '37', '2164', ''),
(38, 0, '38', '2248', ''),
(39, 0, '39', '2333', ''),
(40, 0, '40', '2419', ''),
(41, 0, '41', '2506', ''),
(42, 0, '42', '2594', ''),
(43, 0, '43', '2683', ''),
(44, 0, '44', '2772', ''),
(45, 0, '45', '2862', ''),
(46, 0, '46', '2953', ''),
(47, 0, '47', '3044', ''),
(48, 0, '48', '3136', ''),
(49, 0, '49', '3229', ''),
(50, 0, '50', '3322', ''),
(51, 0, '51', '3416', ''),
(52, 0, '52', '3511', ''),
(53, 0, '53', '3606', ''),
(54, 0, '54', '3702', ''),
(55, 0, '55', '3798', ''),
(56, 0, '56', '3895', ''),
(57, 0, '57', '3992', ''),
(58, 0, '58', '4090', ''),
(59, 0, '59', '4189', ''),
(60, 0, '60', '4288', ''),
(61, 0, '61', '4387\r\n', ''),
(62, 0, '62', '4487', ''),
(63, 0, '63', '4587', ''),
(64, 0, '64', '4688', ''),
(65, 0, '65', '4789', ''),
(66, 0, '66', '4890', ''),
(67, 0, '67', '4992', ''),
(68, 0, '68', '5095', ''),
(69, 0, '69', '5197', ''),
(70, 0, '70', '5300', ''),
(71, 0, '71', '5404', ''),
(72, 0, '72', '5507', ''),
(73, 0, '73', '5611', ''),
(74, 0, '74', '5716', ''),
(75, 0, '75', '5820', ''),
(76, 0, '76', '5925', ''),
(77, 0, '77', '6030', ''),
(78, 0, '78', '6136', ''),
(79, 0, '79', '6241', ''),
(80, 0, '80', '6347', ''),
(81, 0, '81', '6453', ''),
(82, 0, '82', '6560', ''),
(83, 0, '83', '6666', ''),
(84, 0, '84', '6773', ''),
(85, 0, '85', '6880', ''),
(86, 0, '86', '6987', ''),
(87, 0, '87', '7094', ''),
(88, 0, '88', '7201', ''),
(89, 0, '89', '7309', ''),
(90, 0, '90', '7416', ''),
(91, 0, '91', '7524', ''),
(92, 0, '92', '7632', ''),
(93, 0, '93', '7740', ''),
(94, 0, '94', '7848', ''),
(95, 0, '95', '7956', ''),
(96, 0, '96', '8064', ''),
(97, 0, '97', '8172', ''),
(98, 0, '98', '8280\r\n', ''),
(99, 0, '99', '8388', ''),
(100, 0, '100', '8496', ''),
(101, 0, '101', '8605', ''),
(102, 0, '102', '8713', ''),
(103, 0, '103', '8821', ''),
(104, 0, '104', '8929', ''),
(105, 0, '105', '9037', ''),
(106, 0, '106', '9145', ''),
(107, 0, '107', '9253', ''),
(108, 0, '108', '9361', ''),
(109, 0, '109', '9469', ''),
(110, 0, '110', '9576', ''),
(111, 0, '111', '9684', ''),
(112, 0, '112', '9791', ''),
(113, 0, '113', '9899', ''),
(114, 0, '114', '10006', ''),
(115, 0, '115', '10113', ''),
(116, 0, '116', '10220', ''),
(117, 0, '117', '10327', ''),
(118, 0, '118', '10433', ''),
(119, 0, '119', '10539', ''),
(120, 0, '120', '10646', ''),
(121, 0, '121', '10751', ''),
(122, 0, '122', '10857', ''),
(123, 0, '123', '10962', ''),
(124, 0, '124', '11068', ''),
(125, 0, '125', '11172', ''),
(126, 0, '126', '11277', ''),
(127, 0, '127', '11381', ''),
(128, 0, '128', '11485', ''),
(129, 0, '129', '11589', ''),
(130, 0, '130', '11692', ''),
(131, 0, '131', '11796', ''),
(132, 0, '132', '11898', ''),
(133, 0, '133', '12000', ''),
(134, 0, '134', '12102', ''),
(135, 0, '135', '12204\r\n', ''),
(136, 0, '136', '12305', ''),
(137, 0, '137', '12406', ''),
(138, 0, '138', '12506', ''),
(139, 0, '139', '12606', ''),
(140, 0, '140', '12705', ''),
(141, 0, '141', '12804', ''),
(142, 0, '142', '12903', ''),
(143, 0, '143', '13001', ''),
(144, 0, '144', '13098', ''),
(145, 0, '145', '13195', ''),
(146, 0, '146', '13291', ''),
(147, 0, '147', '13387', ''),
(148, 0, '148', '13482', ''),
(149, 0, '149', '13577', ''),
(150, 0, '150', '13671', ''),
(151, 0, '151', '13764', ''),
(152, 0, '152', '13857', ''),
(153, 0, '153', '13949', ''),
(154, 0, '154', '14040', ''),
(155, 0, '155', '14131', ''),
(156, 0, '156', '14221', ''),
(157, 0, '157', '14310', ''),
(158, 0, '158', '14399', ''),
(159, 0, '159', '14487', ''),
(160, 0, '160', '14573', ''),
(161, 0, '161', '14660', ''),
(162, 0, '162', '14745', ''),
(163, 0, '163', '14829', ''),
(164, 0, '164', '14913', ''),
(165, 0, '165', '14996', ''),
(166, 0, '166', '15077', ''),
(167, 0, '167', '15158', ''),
(168, 0, '168', '15238', ''),
(169, 0, '169', '15317', ''),
(170, 0, '170', '15395', ''),
(171, 0, '171', '15471', ''),
(172, 0, '172', '15547\r\n', ''),
(173, 0, '173', '15621', ''),
(174, 0, '174', '15695', ''),
(175, 0, '175', '15767', ''),
(176, 0, '176', '15838', ''),
(177, 0, '177', '15907', ''),
(178, 0, '178', '15976', ''),
(179, 0, '179', '16043', ''),
(180, 0, '180', '16108', ''),
(181, 0, '181', '16173', ''),
(182, 0, '182', '16235', ''),
(183, 0, '183', '16296', ''),
(184, 0, '184', '16356', ''),
(185, 0, '185', '16414', ''),
(186, 0, '186', '16470', ''),
(187, 0, '187', '16524', ''),
(188, 0, '188', '16577', ''),
(189, 0, '189', '16627', ''),
(190, 0, '190', '16675', ''),
(191, 0, '191', '16721', ''),
(192, 0, '192', '16765', ''),
(193, 0, '193', '16806', ''),
(194, 0, '194', '16844', ''),
(195, 0, '195', '16880', ''),
(196, 0, '196', '16912', ''),
(197, 0, '197', '16940', ''),
(198, 0, '198', '16964', ''),
(199, 0, '199', '16983', ''),
(200, 0, '200', '16993\r\n', ''),
(201, 0, '', '', '');

-- --------------------------------------------------------

--
-- Table structure for table `k_calbrichat20kl`
--

CREATE TABLE `k_calbrichat20kl` (
  `chart_id` int(11) NOT NULL,
  `calibtank_id` int(11) NOT NULL,
  `dip_value` float NOT NULL,
  `prodvolum` varchar(100) NOT NULL,
  `vol_increment` varchar(100) NOT NULL
) ENGINE=InnoDB DEFAULT CHARSET=latin1;

--
-- Dumping data for table `k_calbrichat20kl`
--

INSERT INTO `k_calbrichat20kl` (`chart_id`, `calibtank_id`, `dip_value`, `prodvolum`, `vol_increment`) VALUES
(1, 1, 1, '11.97', '1.20'),
(2, 1, 41, '2974.02', '10.35'),
(3, 1, 2, '33.89', '2.19'),
(4, 1, 42, '3078.46', '10.44'),
(5, 1, 3, '62.22', '2.83'),
(6, 1, 43, '3183.83', '10.54'),
(7, 1, 4, '95.71', '3.35'),
(8, 1, 44, '3290.12', '10.63'),
(9, 1, 5, '133.61', '3.79'),
(10, 1, 45, '3397.31', '10.72'),
(11, 1, 6, '175.43', '4.18'),
(12, 1, 46, '3505.36', '10.81'),
(13, 1, 7, '220.80', '4.54'),
(14, 1, 47, '3614.26', '10.89'),
(15, 1, 8, '269.41', '4.86'),
(16, 1, 48, '3723.99', '10.97'),
(17, 1, 9, '321.05', '5.16'),
(18, 1, 49, '3834.53', '11.05'),
(19, 1, 10, '375.51', '5.45'),
(20, 1, 50, '3945.86', '11.13'),
(21, 1, 11, '432.63', '5.71'),
(22, 1, 51, '4057.96', '11.21'),
(23, 1, 12, '492.26', '5.96'),
(24, 1, 52, '4170.80', '11.28'),
(25, 1, 13, '554.27', '6.20'),
(26, 1, 53, '4284.38', '11.36'),
(27, 1, 14, '618.56', '6.43'),
(28, 1, 54, '4398.67', '11.43'),
(29, 1, 15, '685.03', '6.65'),
(30, 1, 55, '4513.65', '11.50'),
(31, 1, 16, '753.57', '6.85'),
(32, 1, 56, '4629.31', '11.57'),
(33, 1, 17, '824.11', '7.05'),
(34, 1, 57, '4745.63', '11.63'),
(35, 1, 18, '896.57', '7.25'),
(36, 1, 58, '4862.59', '11.70'),
(37, 1, 19, '970.88', '7.43'),
(38, 1, 59, '4980.18', '11.76'),
(39, 1, 20, '1046.97', '7.61'),
(40, 1, 60, '5098.38', '11.82'),
(41, 1, 21, '1124.79', '7.78'),
(42, 1, 61, '5217.17', '11.88'),
(43, 1, 22, '1204.28', '7.95'),
(44, 1, 62, '5336.53', '11.94'),
(45, 1, 23, '1285.38', '8.11'),
(46, 1, 63, '5456.46', '11.99'),
(47, 1, 24, '1368.04', '8.27'),
(48, 1, 64, '5576.94', '12.05'),
(49, 1, 25, '1452.22', '8.42'),
(50, 1, 65, '5697.94', '12.10'),
(51, 1, 26, '1537.87', '8.56'),
(52, 1, 66, '5819.46', '12.15'),
(53, 1, 27, '1624.95', '8.71'),
(54, 1, 67, '5941.48', '12.20'),
(55, 1, 28, '1713.41', '8.85'),
(56, 1, 68, '6063.98', '12.25'),
(57, 1, 29, '1803.22', '8.98'),
(58, 1, 69, '6186.96', '12.30'),
(59, 1, 30, '1894.35', '9.11'),
(60, 1, 70, '6310.39', '12.34'),
(61, 1, 31, '1986.75', '9.24'),
(62, 1, 71, '6434.26', '12.39'),
(63, 1, 32, '2080.39', '9.36'),
(64, 1, 72, '6558.56', '12.43'),
(65, 1, 33, '2175.24', '9.49'),
(66, 1, 73, '6683.28', '12.47'),
(67, 1, 34, '2271.27', '9.60'),
(68, 1, 74, '6808.39', '12.51'),
(69, 1, 35, '2368.44', '9.72'),
(70, 1, 75, '6933.89', '12.55'),
(71, 1, 36, '2466.74', '9.83'),
(72, 1, 76, '7059.77', '12.59'),
(73, 1, 37, '2566.12', '9.94'),
(74, 1, 77, '7186.00', '12.62'),
(75, 1, 38, '2666.57', '10.04'),
(76, 1, 78, '7312.58', '12.66'),
(77, 1, 39, '2768.05', '10.15'),
(78, 1, 79, '7439.49', '12.69'),
(79, 1, 40, '2870.54', '10.25'),
(80, 1, 80, '7566.72', '12.72'),
(81, 1, 41, '2974.02', '10.35'),
(82, 1, 81, '7694.26', '12.75'),
(83, 1, 121, '12904.88', '12.97'),
(84, 1, 82, '7822.09', '12.78'),
(85, 1, 122, '13034.41', '12.95'),
(86, 1, 83, '7950.20', '12.81'),
(87, 1, 123, '13163.73', '12.93'),
(88, 1, 84, '8078.58', '12.84'),
(89, 1, 124, '13292.84', '12.91'),
(90, 1, 85, '8207.21', '12.86'),
(91, 1, 125, '13421.72', '12.89'),
(92, 1, 86, '8336.09', '12.89'),
(93, 1, 126, '13550.35', '12.86'),
(94, 1, 87, '8465.20', '12.91'),
(95, 1, 127, '13678.73', '12.84'),
(96, 1, 88, '8594.52', '12.93'),
(97, 1, 128, '13806.84', '12.81'),
(98, 1, 89, '8724.05', '12.95'),
(99, 1, 129, '13934.67', '12.78'),
(100, 1, 90, '8853.77', '12.97'),
(101, 1, 130, '14062.21', '12.75'),
(102, 1, 91, '8983.68', '12.99'),
(103, 1, 131, '14189.44', '12.72'),
(104, 1, 92, '9113.75', '13.01'),
(105, 1, 132, '14316.35', '12.69'),
(106, 1, 93, '9243.97', '13.02'),
(107, 1, 133, '14442.93', '12.66'),
(108, 1, 94, '9374.34', '13.04'),
(109, 1, 134, '14569.16', '12.62'),
(110, 1, 95, '9504.85', '13.05'),
(111, 1, 135, '14695.04', '12.59'),
(112, 1, 96, '9635.47', '13.06'),
(113, 1, 136, '14820.54', '12.55'),
(114, 1, 97, '9766.20', '13.07'),
(115, 1, 137, '14945.65', '12.51'),
(116, 1, 98, '9897.02', '13.08'),
(117, 1, 138, '15070.37', '12.47'),
(118, 1, 99, '10027.93', '13.09'),
(119, 1, 139, '15194.67', '12.43'),
(120, 1, 100, '10158.91', '13.10'),
(121, 1, 140, '15318.54', '12.39'),
(122, 1, 101, '10289.95', '13.10'),
(123, 1, 141, '15441.97', '12.34'),
(124, 1, 102, '10421.04', '13.11'),
(125, 1, 142, '15564.95', '12.30'),
(126, 1, 103, '10552.16', '13.11'),
(127, 1, 143, '15687.45', '12.25'),
(128, 1, 104, '10683.31', '13.11'),
(129, 1, 144, '15809.47', '12.20'),
(130, 1, 105, '10814.47', '13.12'),
(131, 1, 145, '15930.99', '12.15'),
(132, 1, 106, '10945.62', '13.12'),
(133, 1, 146, '16051.99', '12.10'),
(134, 1, 107, '11076.77', '13.11'),
(135, 1, 147, '16172.47', '12.05'),
(136, 1, 108, '11207.89', '13.11'),
(137, 1, 148, '16292.40', '11.99'),
(138, 1, 109, '11338.98', '13.11'),
(139, 1, 149, '16411.76', '11.94'),
(140, 1, 110, '11470.02', '13.10'),
(141, 1, 150, '16530.55', '11.88'),
(142, 1, 111, '11601.00', '13.10'),
(143, 1, 151, '16648.75', '11.82'),
(144, 1, 112, '11731.91', '13.09'),
(145, 1, 152, '16766.34', '11.76'),
(146, 1, 113, '11862.73', '13.08'),
(147, 1, 153, '16883.30', '11.70'),
(148, 1, 114, '11993.46', '13.07'),
(149, 1, 154, '16999.62', '11.63'),
(150, 1, 115, '12124.08', '13.06'),
(151, 1, 155, '17115.28', '11.57'),
(152, 1, 116, '12254.59', '13.05'),
(153, 1, 156, '17230.26', '11.50'),
(154, 1, 117, '12384.96', '13.04'),
(155, 1, 157, '17344.55', '11.43'),
(156, 1, 118, '12515.18', '13.02'),
(157, 1, 158, '17458.13', '11.36'),
(158, 1, 119, '12645.26', '13.01'),
(159, 1, 159, '17570.97', '11.28'),
(160, 1, 120, '12775.16', '12.99'),
(161, 1, 160, '17683.07', '11.21'),
(162, 1, 121, '12904.88', '12.97'),
(163, 1, 161, '17794.40', '11.13'),
(164, 1, 161, '17794.40', '11.13'),
(165, 1, 201, '21307.88', '5.45'),
(166, 1, 162, '17904.94', '11.05'),
(167, 1, 202, '21359.52', '5.16'),
(168, 1, 163, '18014.67', '10.97'),
(169, 1, 203, '21408.13', '4.86'),
(170, 1, 164, '18123.57', '10.89'),
(171, 1, 204, '21453.50', '4.54'),
(172, 1, 165, '18231.62', '10.81'),
(173, 1, 205, '21495.32', '4.18'),
(174, 1, 166, '18338.81', '10.72'),
(175, 1, 206, '21533.22', '3.79'),
(176, 1, 167, '18445.10', '10.63'),
(177, 1, 207, '21566.71', '3.35'),
(178, 1, 168, '18550.47', '10.54'),
(179, 1, 208, '21595.04', '2.83'),
(180, 1, 169, '18654.91', '10.44'),
(181, 1, 170, '18758.39', '10.35'),
(182, 1, 171, '18860.88', '10.25'),
(183, 1, 172, '18962.36', '10.15'),
(184, 1, 173, '19062.81', '10.04'),
(185, 1, 174, '19162.19', '9.94'),
(186, 1, 175, '19260.49', '9.83'),
(187, 1, 176, '19357.66', '9.72'),
(188, 1, 177, '19453.69', '9.60'),
(189, 1, 178, '19548.54', '9.49'),
(190, 1, 179, '19642.18', '9.36'),
(191, 1, 180, '19734.58', '9.24'),
(192, 1, 181, '19825.71', '9.11'),
(193, 1, 182, '19915.52', '8.98'),
(194, 1, 183, '20003.98', '8.85'),
(195, 1, 184, '20091.06', '8.71'),
(196, 1, 185, '20176.71', '8.56'),
(197, 1, 186, '20260.89', '8.42'),
(198, 1, 187, '20343.55', '8.27'),
(199, 1, 188, '20424.65', '8.11'),
(200, 1, 189, '20504.14', '7.95'),
(201, 1, 190, '20581.96', '7.78'),
(202, 1, 191, '20658.05', '7.61'),
(203, 1, 192, '20732.36', '7.43'),
(204, 1, 193, '20804.82', '7.25'),
(205, 1, 194, '20875.36', '7.05'),
(206, 1, 195, '20943.91', '6.85'),
(207, 1, 196, '21010.37', '6.65'),
(208, 1, 197, '21074.66', '6.43'),
(209, 1, 198, '21136.67', '6.20'),
(210, 1, 199, '21196.30', '5.96'),
(211, 1, 200, '21253.42', '5.71'),
(212, 1, 201, '21307.88', '5.45');

-- --------------------------------------------------------

--
-- Table structure for table `k_calbrichat22kl`
--

CREATE TABLE `k_calbrichat22kl` (
  `chart_id` int(11) NOT NULL,
  `calibtank_id` int(11) NOT NULL,
  `dip_value` varchar(100) NOT NULL,
  `prodvolum` varchar(100) NOT NULL,
  `vol_increment` varchar(100) NOT NULL
) ENGINE=InnoDB DEFAULT CHARSET=latin1;

--
-- Dumping data for table `k_calbrichat22kl`
--

INSERT INTO `k_calbrichat22kl` (`chart_id`, `calibtank_id`, `dip_value`, `prodvolum`, `vol_increment`) VALUES
(1, 0, '1', '12', ''),
(2, 0, '2', '33', ''),
(3, 0, '3', '61', ''),
(4, 0, '4', '94', ''),
(5, 0, '5', '131', ''),
(6, 0, '6', '172', ''),
(7, 0, '7', '216', ''),
(8, 0, '8', '264', ''),
(9, 0, '9', '314', ''),
(10, 0, '10', '368', ''),
(11, 0, '11', '424', ''),
(12, 0, '12', '482', ''),
(13, 0, '13', '543', ''),
(14, 0, '14', '606', ''),
(15, 0, '15', '671', ''),
(16, 0, '16', '738', ''),
(17, 0, '17', '807', ''),
(18, 0, '18', '878', ''),
(19, 0, '19', '951', ''),
(20, 0, '20', '1026', ''),
(21, 0, '21', '1102', ''),
(22, 0, '22', '1180', ''),
(23, 0, '23', '1260', ''),
(24, 0, '24', '1341\r\n', ''),
(25, 0, '25', '1423', ''),
(26, 0, '26', '1507', ''),
(27, 0, '27', '1593', ''),
(28, 0, '28', '1680', ''),
(29, 0, '29', '1768', ''),
(30, 0, '30', '1858', ''),
(31, 0, '31', '1948', ''),
(32, 0, '32', '2040', ''),
(33, 0, '33', '2134', ''),
(34, 0, '34', '2228', ''),
(35, 0, '35', '2324', ''),
(36, 0, '36', '2420', ''),
(37, 0, '37', '2518', ''),
(38, 0, '38', '2617', ''),
(39, 0, '39', '2717', ''),
(40, 0, '40', '2818', ''),
(41, 0, '41', '2920', ''),
(42, 0, '42', '3022', ''),
(43, 0, '43', '3126', ''),
(44, 0, '44', '3231', ''),
(45, 0, '45', '3337', ''),
(46, 0, '46', '3443', ''),
(47, 0, '47', '3551', ''),
(48, 0, '48', '3659', ''),
(49, 0, '49', '3768', ''),
(50, 0, '50', '3878', ''),
(51, 0, '51', '3988', ''),
(52, 0, '52', '4100', ''),
(53, 0, '53', '4212', ''),
(54, 0, '54', '4325', ''),
(55, 0, '55', '4439', ''),
(56, 0, '56', '4553', ''),
(57, 0, '57', '4668', ''),
(58, 0, '58', '4784', ''),
(59, 0, '59', '4900', ''),
(60, 0, '60', '5017', ''),
(61, 0, '61', '5134\r\n', ''),
(62, 0, '62', '5253', ''),
(63, 0, '63', '5371', ''),
(64, 0, '64', '5491', ''),
(65, 0, '65', '5611', ''),
(66, 0, '66', '5731', ''),
(67, 0, '67', '5852', ''),
(68, 0, '68', '5974', ''),
(69, 0, '69', '6096', ''),
(70, 0, '70', '6218', ''),
(71, 0, '71', '6341', ''),
(72, 0, '72', '6465', ''),
(73, 0, '73', '6589', ''),
(74, 0, '74', '6713', ''),
(75, 0, '75', '6838', ''),
(76, 0, '76', '6963', ''),
(77, 0, '77', '7089', ''),
(78, 0, '78', '7215', ''),
(79, 0, '79', '7341', ''),
(80, 0, '80', '7468', ''),
(81, 0, '81', '7595', ''),
(82, 0, '82', '7723', ''),
(83, 0, '83', '7851', ''),
(84, 0, '84', '7979', ''),
(85, 0, '85', '8107', ''),
(86, 0, '86', '8236', ''),
(87, 0, '87', '8365', ''),
(88, 0, '88', '8494', ''),
(89, 0, '89', '8624', ''),
(90, 0, '90', '8754', ''),
(91, 0, '91', '8884', ''),
(92, 0, '92', '9014', ''),
(93, 0, '93', '9145', ''),
(94, 0, '94', '9275', ''),
(95, 0, '95', '9406', ''),
(96, 0, '96', '9537', ''),
(97, 0, '97', '9668', ''),
(98, 0, '98', '9800\r\n', ''),
(99, 0, '99', '9932', ''),
(100, 0, '100', '10063', ''),
(101, 0, '101', '10195', ''),
(102, 0, '102', '10327', ''),
(103, 0, '103', '10459', ''),
(104, 0, '104', '10591', ''),
(105, 0, '105', '10724', ''),
(106, 0, '106', '10856', ''),
(107, 0, '107', '10988', ''),
(108, 0, '108', '11121', ''),
(109, 0, '109', '11253', ''),
(110, 0, '110', '11386', ''),
(111, 0, '111', '11519', ''),
(112, 0, '112', '11651', ''),
(113, 0, '113', '11784', ''),
(114, 0, '114', '11916', ''),
(115, 0, '115', '12049', ''),
(116, 0, '116', '12182', ''),
(117, 0, '117', '12314', ''),
(118, 0, '118', '12447', ''),
(119, 0, '119', '12579', ''),
(120, 0, '120', '12711', ''),
(121, 0, '121', '12844', ''),
(122, 0, '122', '12976', ''),
(123, 0, '123', '13108', ''),
(124, 0, '124', '13240', ''),
(125, 0, '125', '13372', ''),
(126, 0, '126', '13503', ''),
(127, 0, '127', '13635', ''),
(128, 0, '128', '13767', ''),
(129, 0, '129', '13898', ''),
(130, 0, '130', '14029', ''),
(131, 0, '131', '14160', ''),
(132, 0, '132', '14290', ''),
(133, 0, '133', '14421', ''),
(134, 0, '134', '14551', ''),
(135, 0, '135', '14681\r\n', ''),
(136, 0, '136', '14811', ''),
(137, 0, '137', '14941', ''),
(138, 0, '138', '15070', ''),
(139, 0, '139', '15199', ''),
(140, 0, '140', '15328', ''),
(141, 0, '141', '15456', ''),
(142, 0, '142', '15584', ''),
(143, 0, '143', '15712', ''),
(144, 0, '144', '15840', ''),
(145, 0, '145', '15967', ''),
(146, 0, '146', '16094', ''),
(147, 0, '147', '16220', ''),
(148, 0, '148', '16346', ''),
(149, 0, '149', '16472', ''),
(150, 0, '150', '16597', ''),
(151, 0, '151', '16722', ''),
(152, 0, '152', '16846', ''),
(153, 0, '153', '16970', ''),
(154, 0, '154', '17094', ''),
(155, 0, '155', '17217', ''),
(156, 0, '156', '17339', ''),
(157, 0, '157', '17461', ''),
(158, 0, '158', '17583', ''),
(159, 0, '159', '17704', ''),
(160, 0, '160', '17824', ''),
(161, 0, '161', '17944', ''),
(162, 0, '162', '18064', ''),
(163, 0, '163', '18182', ''),
(164, 0, '164', '18301', ''),
(165, 0, '165', '18418', ''),
(166, 0, '166', '18535', ''),
(167, 0, '167', '18651', ''),
(168, 0, '168', '18767', ''),
(169, 0, '169', '18882', ''),
(170, 0, '170', '18996', ''),
(171, 0, '171', '19110', ''),
(172, 0, '172', '19223\r\n', ''),
(173, 0, '173', '19335', ''),
(174, 0, '174', '19447', ''),
(175, 0, '175', '19557', ''),
(176, 0, '176', '19667', ''),
(177, 0, '177', '19776', ''),
(178, 0, '178', '19884', ''),
(179, 0, '179', '19992', ''),
(180, 0, '180', '20098', ''),
(181, 0, '181', '20204', ''),
(182, 0, '182', '20309', ''),
(183, 0, '183', '20413', ''),
(184, 0, '184', '20515', ''),
(185, 0, '185', '20617', ''),
(186, 0, '186', '20718', ''),
(187, 0, '187', '20818', ''),
(188, 0, '188', '20917', ''),
(189, 0, '189', '21015', ''),
(190, 0, '190', '21111', ''),
(191, 0, '191', '21207', ''),
(192, 0, '192', '21301', ''),
(193, 0, '193', '21395', ''),
(194, 0, '194', '21487', ''),
(195, 0, '195', '21577', ''),
(196, 0, '196', '21667', ''),
(197, 0, '197', '21755', ''),
(198, 0, '198', '21842', ''),
(199, 0, '199', '21928', ''),
(200, 0, '200', '22012', ''),
(201, 0, '201', '22094', ''),
(202, 0, '202', '22175', ''),
(203, 0, '203', '22255', ''),
(204, 0, '204', '22333', ''),
(205, 0, '205', '22409', ''),
(206, 0, '206', '22484', ''),
(207, 0, '207', '22557', ''),
(208, 0, '208', '22628', ''),
(209, 0, '209', '22697\r\n', ''),
(210, 0, '210', '22764', ''),
(211, 0, '211', '22829', ''),
(212, 0, '212', '22892', ''),
(213, 0, '213', '22953', ''),
(214, 0, '214', '23011', ''),
(215, 0, '215', '23067', ''),
(216, 0, '216', '23121', ''),
(217, 0, '217', '23171', ''),
(218, 0, '218', '23219', ''),
(219, 0, '219', '23263', ''),
(220, 0, '220', '23304', ''),
(221, 0, '221', '23341', ''),
(222, 0, '222', '23374', ''),
(223, 0, '223', '23402', ''),
(224, 0, '224', '23423', ''),
(225, 0, '225', '23435', '');

-- --------------------------------------------------------

--
-- Table structure for table `k_calbritank`
--

CREATE TABLE `k_calbritank` (
  `calib_id` int(11) NOT NULL,
  `calib_tank` varchar(50) NOT NULL,
  `calib_tankcap` varchar(50) NOT NULL,
  `calib_pro` varchar(50) NOT NULL,
  `inside_length` varchar(50) NOT NULL,
  `inside_diameter` varchar(50) NOT NULL,
  `ref.dwg_no` varchar(50) NOT NULL
) ENGINE=InnoDB DEFAULT CHARSET=latin1;

--
-- Dumping data for table `k_calbritank`
--

INSERT INTO `k_calbritank` (`calib_id`, `calib_tank`, `calib_tankcap`, `calib_pro`, `inside_length`, `inside_diameter`, `ref.dwg_no`) VALUES
(1, 'T1', '15KL', '3', '4.968 M', '2.00 M', 'RE.DRG.381'),
(2, 'T2', '10KL', '2', '3.368 M', '2.00 M', ''),
(3, 'T3', '15KL', '3', '6.718 M', '2.00 M', 'RE.DRG.382'),
(4, 'T4', '10KL', '1', '4.968 M', '2.00 M', 'RE.DRG.381');

-- --------------------------------------------------------

--
-- Table structure for table `k_creditcust`
--

CREATE TABLE `k_creditcust` (
  `credit_id` int(11) NOT NULL,
  `credit_date` date NOT NULL,
  `custorg_id` int(11) NOT NULL,
  `credit_totprice` float NOT NULL,
  `credit_batta` float NOT NULL,
  `credit_totquant` float NOT NULL,
  `emp_id` int(11) NOT NULL,
  `createdBy` varchar(250) NOT NULL,
  `modiby` varchar(250) NOT NULL,
  `createdDate` datetime NOT NULL,
  `modiDate` datetime NOT NULL,
  `InActive` int(11) NOT NULL,
  `status` int(11) NOT NULL
) ENGINE=InnoDB DEFAULT CHARSET=latin1;

-- --------------------------------------------------------

--
-- Table structure for table `k_credit_limit`
--

CREATE TABLE `k_credit_limit` (
  `limit_id` int(11) NOT NULL,
  `cust_id` int(11) NOT NULL,
  `limit_amt` float NOT NULL,
  `createdBy` int(11) NOT NULL,
  `createdDate` datetime NOT NULL,
  `modiBy` int(11) NOT NULL,
  `modiDate` datetime NOT NULL,
  `status` int(11) NOT NULL,
  `InActive` int(11) NOT NULL
) ENGINE=MyISAM DEFAULT CHARSET=latin1;

-- --------------------------------------------------------

--
-- Table structure for table `k_cust`
--

CREATE TABLE `k_cust` (
  `cust_id` int(11) NOT NULL,
  `cust_date` date NOT NULL,
  `org_name` varchar(30) NOT NULL,
  `cust_name` varchar(20) NOT NULL,
  `org_addr` text NOT NULL,
  `uplodeds` varchar(255) DEFAULT NULL,
  `email` varchar(30) NOT NULL,
  `phn` varchar(20) NOT NULL,
  `alt_phn` varchar(20) NOT NULL,
  `credit_limit` float NOT NULL,
  `org_advance` float NOT NULL,
  `createdDate` datetime NOT NULL,
  `createdID` varchar(30) NOT NULL,
  `createdBy` int(5) NOT NULL,
  `modiDate` datetime NOT NULL,
  `modifiedID` varchar(30) NOT NULL,
  `modiBy` int(5) NOT NULL,
  `InActive` tinyint(5) NOT NULL,
  `status` tinyint(5) NOT NULL
) ENGINE=InnoDB DEFAULT CHARSET=latin1;

--
-- Dumping data for table `k_cust`
--

INSERT INTO `k_cust` (`cust_id`, `cust_date`, `org_name`, `cust_name`, `org_addr`, `uplodeds`, `email`, `phn`, `alt_phn`, `credit_limit`, `org_advance`, `createdDate`, `createdID`, `createdBy`, `modiDate`, `modifiedID`, `modiBy`, `InActive`, `status`) VALUES
(1, '2018-09-01', 'sunshine stone crusher', 'pavan kumar reddy', 'Jayampu', NULL, 'sunshinecrushers@gmail.com', '9494285899', '9494285899', 3000000, 0, '2018-09-28 14:06:40', '', 1, '0000-00-00 00:00:00', '', 0, 0, 0),
(2, '2018-09-01', 'VDD-KVR', 'KVR', 'Jayampu', NULL, 'nun@gmail.com', '9177815364', '9177815364', 100000, 0, '2018-09-28 14:08:50', '', 1, '0000-00-00 00:00:00', '', 0, 0, 0),
(3, '2018-09-01', 'borewell raja', 'raja', 'Jayampu', NULL, 'num@gmail.com', '9681699699', '9681699699', 300000, 0, '2018-09-28 14:11:32', '', 1, '0000-00-00 00:00:00', '', 0, 0, 0),
(4, '2018-09-01', 'borewell sukumar', 'sukumar', 'Jayampu', NULL, 'nun@gmail.com', '9440702065', '9440702065', 200000, 0, '2018-09-28 14:14:47', '', 1, '0000-00-00 00:00:00', '', 0, 0, 0),
(5, '2018-09-01', 'jmp-vkr', 'v karthik reddy', 'Jayampu', NULL, 'num@gmail.com', '9492672229', '9492672229', 300000, 0, '2018-09-28 14:16:49', '', 1, '0000-00-00 00:00:00', '', 0, 0, 0),
(6, '2018-09-01', 'JMP-san', 'v sandeep reddy', 'Jayampu', NULL, 'nun@gmail.com', '9490428886', '9490428886', 100000, 0, '2018-09-28 14:23:39', '', 1, '0000-00-00 00:00:00', '', 0, 0, 0),
(7, '2018-09-01', 'pigilam-subba naidu', 'subba naidu', 'Jayampu', NULL, 'nun@gmail.com', '9441061184', '9441061184', 200000, 0, '2018-09-28 14:25:18', '', 1, '0000-00-00 00:00:00', '', 0, 0, 0),
(8, '2018-09-01', 'pigilam-kistam naidu', 'kistam naidu', 'Jayampu', NULL, 'nun@gmail.com', '9440168127', '9440168127', 200000, 0, '2018-09-28 14:28:07', '', 1, '0000-00-00 00:00:00', '', 0, 0, 0),
(9, '2018-09-01', 'pigilam-guravaiah', 'guravaiah naidu', 'Jayampu', NULL, 'nun@gmail.com', '9440568130', '9440568130', 200000, 0, '2018-09-28 14:30:36', '', 1, '0000-00-00 00:00:00', '', 0, 0, 0),
(10, '2018-09-01', 'JMP-PBKR', 'p bala krishna reddy', 'Jayampu', NULL, 'nun@gmail.com', '0', '0', 50000, 0, '2018-09-28 14:32:50', '', 1, '0000-00-00 00:00:00', '', 0, 0, 0),
(11, '2018-09-01', 'JMP-Venkata Rathman', 'venkat rathman', 'Jayampu', NULL, 'nun@gmail.com', '9951135637', '9551135637', 50000, 0, '2018-09-28 14:35:26', '', 1, '0000-00-00 00:00:00', '', 0, 0, 0),
(12, '2018-09-01', 'JMP-milk auto', 'milk auto', 'Jayampu', NULL, 'nun@gmail.com', '0', '0', 30000, 0, '2018-09-28 14:37:01', '', 1, '0000-00-00 00:00:00', '', 0, 0, 0),
(13, '2018-09-01', 'Gattikadu-VHKR', 'v hari hrishna reddy', 'Jayampu', NULL, 'nun@gmail.com', '9440765118', '9440765118', 200000, 0, '2018-09-28 14:38:43', '', 1, '0000-00-00 00:00:00', '', 0, 0, 0),
(14, '2018-09-01', 'APR-srikanth', 'srikanth', 'Jayampu', NULL, 'nun@gmail.com', '7331131293', '7331131293', 100000, 0, '2018-09-28 14:40:15', '', 1, '0000-00-00 00:00:00', '', 0, 0, 0),
(15, '2018-09-01', 'pallipadu-surendra reddy', 'surendra reddy', 'jayampu', NULL, 'nun@gmail.com', '0', '0', 15000, 0, '2018-09-28 17:51:37', '', 1, '0000-00-00 00:00:00', '', 0, 0, 0),
(16, '2018-09-01', 'palli-sidaiah', 'sidaiah', 'jayampu', NULL, 'nun@gmail.com', '0', '0', 100000, 0, '2018-09-28 17:52:57', '', 1, '0000-00-00 00:00:00', '', 0, 0, 0),
(17, '2018-09-01', 'palli-krishna', 'krishna', 'jayampu', NULL, 'nun@gmail.com', '0', '0', 100000, 0, '2018-09-28 17:54:04', '', 1, '0000-00-00 00:00:00', '', 0, 0, 0),
(18, '2018-09-01', 'VV palem-sandeep', 'sandeep', 'jayampu', NULL, 'nun@gmail.com', '0', '0', 10000, 0, '2018-09-28 17:55:14', '', 1, '0000-00-00 00:00:00', '', 0, 0, 0),
(19, '2018-09-01', 'nioligallu-sankar', 'sankar', 'jayampu', NULL, 'nun@gmail.com', '0', '0', 20000, 0, '2018-09-28 17:56:30', '', 1, '0000-00-00 00:00:00', '', 0, 0, 0),
(20, '2018-09-01', 'gottikadu-venkatasubba reddy', 'subba reddy', 'jayampu', NULL, 'nun@gmail.com', '0', '0', 50000, 0, '2018-09-28 17:58:02', '', 1, '0000-00-00 00:00:00', '', 0, 0, 0),
(21, '2018-09-01', 'VDD-ravi reddy', 'ravi reddy', 'jayampu', NULL, 'nun@gmail.com', '0', '0', 20000, 0, '2018-09-28 17:59:00', '', 1, '0000-00-00 00:00:00', '', 0, 0, 0),
(22, '2018-09-01', 'JMP-narasimhulu', 'narasimhulu', 'jayampu', NULL, 'nun@gmail.com', '0', '0', 10000, 0, '2018-09-28 17:59:56', '', 1, '0000-00-00 00:00:00', '', 0, 0, 0),
(23, '2018-09-01', 'alimili-raghava reddy', 'raghava reddy', 'jayampu', NULL, 'nun@gmail.com', '0', '0', 10000, 0, '2018-09-28 18:01:23', '', 1, '0000-00-00 00:00:00', '', 0, 0, 0),
(24, '2018-09-01', 'others-naguru', 'naguru', 'jayampu', NULL, 'nun@gmail.com', '0', '0', 10000, 0, '2018-09-28 18:02:36', '', 1, '0000-00-00 00:00:00', '', 0, 0, 0),
(25, '2018-09-01', 'others-venkatesh goud', 'venkatesh goud', 'jayampu', NULL, 'nun@gmail.com', '0', '0', 20000, 0, '2018-09-28 18:03:59', '', 1, '0000-00-00 00:00:00', '', 0, 0, 0),
(26, '2018-09-01', 'others-ramchandra naidu', 'ramchandra naidu', 'jayampu', NULL, 'nun@gmail.com', '0', '0', 20000, 0, '2018-09-28 18:05:13', '', 1, '0000-00-00 00:00:00', '', 0, 0, 0),
(27, '2018-09-01', 'others-rajasekar', 'rajasekar', 'jayampu', NULL, 'nun@gmail.com', '0', '0', 10000, 0, '2018-09-28 18:06:32', '', 1, '0000-00-00 00:00:00', '', 0, 0, 0),
(28, '2018-09-01', 'others-vinod', 'vinod', 'jayampu', NULL, 'nun@gmail.com', '0', '0', 60000, 0, '2018-09-28 18:07:37', '', 1, '0000-00-00 00:00:00', '', 0, 0, 0),
(29, '2018-09-01', 'JMP-ashok', 'ashok', 'jayampu', NULL, 'nun@gmail.com', '0', '0', 10000, 0, '2018-09-28 18:08:34', '', 1, '0000-00-00 00:00:00', '', 0, 0, 0),
(30, '2018-09-01', 'others-g prasad', 'g prasad', 'jayampu', NULL, 'nun@gmail.com', '0', '0', 10000, 0, '2018-09-28 18:09:53', '', 1, '0000-00-00 00:00:00', '', 0, 0, 0),
(31, '2018-09-01', 'vv palem-srikanth', 'srikanth', 'jayampu', NULL, 'nun@gmail.com', '0', '0', 100000, 0, '2018-09-28 18:11:03', '', 1, '0000-00-00 00:00:00', '', 0, 0, 0),
(32, '2018-09-01', 'vv palem-sudhakar', 'sudhakar', 'jayampu', NULL, 'nun@gmail.com', '0', '0', 30000, 0, '2018-09-28 18:12:31', '', 1, '0000-00-00 00:00:00', '', 0, 0, 0),
(33, '2018-09-01', 'others-ashok(GIP)', 'ashok', 'jayampu', NULL, 'nun@gmail.com', '0', '0', 30000, 0, '2018-09-28 18:13:56', '', 1, '0000-00-00 00:00:00', '', 0, 0, 0),
(34, '2018-09-01', 'JMP-pedhanna', 'pedhanna', 'jayampu', NULL, 'nun@gmail.com', '0', '0', 20000, 0, '2018-09-28 18:15:02', '', 1, '0000-00-00 00:00:00', '', 0, 0, 0),
(35, '2018-09-01', 'others-nagabushanam', 'nagabushanam', 'jayampu', NULL, 'nun@gmail.com', '0', '0', 30000, 0, '2018-09-28 18:16:36', '', 1, '0000-00-00 00:00:00', '', 0, 0, 0),
(36, '2018-09-01', 'others-govardhan', 'govardhan', 'jayampu', NULL, 'nun@gmail.com', '0', '0', 50000, 0, '2018-09-28 18:17:48', '', 1, '0000-00-00 00:00:00', '', 0, 0, 0),
(37, '2018-09-01', 'others-kiran', 'kiran', 'jayampu', NULL, 'nun@gmail.com', '0', '0', 15000, 0, '2018-09-28 18:18:42', '', 1, '0000-00-00 00:00:00', '', 0, 0, 0),
(38, '2018-09-01', 'JMP-GBR', 'bhaskar reddy', 'jayampu', NULL, 'nun@gmail.com', '0', '0', 20000, 0, '2018-09-28 18:19:44', '', 1, '0000-00-00 00:00:00', '', 0, 0, 0),
(39, '2018-09-01', 'venu reddy', 'venu reddy', 'jayampu', NULL, 'nun@gmail.com', '0', '0', 50000, 0, '2018-09-28 18:21:21', '', 1, '0000-00-00 00:00:00', '', 0, 0, 0),
(40, '2018-09-01', 'others-ambika', 'ambika', 'jayampu', NULL, 'nun@gmail.com', '0', '0', 20000, 0, '2018-09-28 18:22:22', '', 1, '0000-00-00 00:00:00', '', 0, 0, 0);

-- --------------------------------------------------------

--
-- Table structure for table `k_custcredits`
--

CREATE TABLE `k_custcredits` (
  `creditdet_id` int(11) NOT NULL,
  `credit_id` int(11) NOT NULL,
  `credit_date` date NOT NULL,
  `custorg_id` int(11) NOT NULL,
  `vehicle_no` varchar(50) NOT NULL,
  `prod_name` varchar(100) NOT NULL,
  `quant_no` float NOT NULL,
  `credit_price` float NOT NULL,
  `credit_cost` float NOT NULL,
  `indent_no` varchar(50) NOT NULL,
  `bill_no` varchar(50) NOT NULL,
  `batta` float NOT NULL,
  `description` varchar(255) NOT NULL,
  `cost` int(11) NOT NULL,
  `emp_id` int(11) NOT NULL,
  `modiby` varchar(250) NOT NULL,
  `modiDate` datetime NOT NULL,
  `InActive` int(11) NOT NULL,
  `status` int(11) NOT NULL
) ENGINE=InnoDB DEFAULT CHARSET=latin1;

--
-- Dumping data for table `k_custcredits`
--

INSERT INTO `k_custcredits` (`creditdet_id`, `credit_id`, `credit_date`, `custorg_id`, `vehicle_no`, `prod_name`, `quant_no`, `credit_price`, `credit_cost`, `indent_no`, `bill_no`, `batta`, `description`, `cost`, `emp_id`, `modiby`, `modiDate`, `InActive`, `status`) VALUES
(1, 0, '2018-12-17', 4, 'ap26bs', '3', 19.48, 77, 1500, '12in', '12bn', 0, 'qwe', 0, 3, '', '0000-00-00 00:00:00', 0, 0),
(2, 0, '2018-12-17', 5, 'AP26AL2229', '3', 1.1, 77, 85, '22no', '2ba', 200, 'testing', 0, 3, '', '0000-00-00 00:00:00', 0, 0),
(3, 0, '2018-12-18', 2, 'ap26vd9177', '3', 19.4805, 77, 1500, '4', '12pl', 0, 'hel', 0, 2, '', '0000-00-00 00:00:00', 0, 0),
(4, 0, '2018-12-18', 11, 'ap26ve9951', '3', 91.0675, 77, 7012.2, 'in125', 'bil125', 150, 'testing', 0, 6, '', '0000-00-00 00:00:00', 0, 0),
(5, 0, '2018-12-19', 5, 'AP26AL2229', '3', 51.7, 101, 5222, '0', '1', 0, 'testing', 0, 3, '', '0000-00-00 00:00:00', 0, 0);

-- --------------------------------------------------------

--
-- Table structure for table `k_custvehicle`
--

CREATE TABLE `k_custvehicle` (
  `vehicle_id` int(11) NOT NULL,
  `cust_id` int(11) NOT NULL,
  `vehi_no` varchar(50) NOT NULL,
  `vehi_type` varchar(60) NOT NULL,
  `createdBy` int(11) NOT NULL,
  `createdDate` datetime NOT NULL,
  `modiBy` int(5) NOT NULL,
  `modiDate` datetime NOT NULL,
  `InActive` int(5) NOT NULL
) ENGINE=MyISAM DEFAULT CHARSET=latin1;

--
-- Dumping data for table `k_custvehicle`
--

INSERT INTO `k_custvehicle` (`vehicle_id`, `cust_id`, `vehi_no`, `vehi_type`, `createdBy`, `createdDate`, `modiBy`, `modiDate`, `InActive`) VALUES
(1, 1, 'AP26 TH0607', 'Jeep', 1, '2018-09-22 10:15:04', 1, '2018-09-28 14:20:59', 0),
(2, 2, 'fg', 'Bus', 1, '2018-09-26 11:18:05', 0, '0000-00-00 00:00:00', 0),
(3, 1, 'ap26sn9494', 'Auto', 1, '2018-09-28 14:06:40', 0, '0000-00-00 00:00:00', 0),
(4, 2, 'ap26vd9177', 'Auto', 1, '2018-09-28 14:08:50', 0, '0000-00-00 00:00:00', 0),
(5, 3, 'ap26bw9681', 'Auto', 1, '2018-09-28 14:11:32', 0, '0000-00-00 00:00:00', 0),
(6, 4, 'ap26bs', 'Auto', 1, '2018-09-28 14:14:47', 0, '0000-00-00 00:00:00', 0),
(7, 5, 'AP26AL2229', 'Auto', 1, '2018-09-28 14:16:49', 0, '0000-00-00 00:00:00', 0),
(8, 6, 'ap26sa9490', 'Auto', 1, '2018-09-28 14:23:39', 0, '0000-00-00 00:00:00', 0),
(9, 7, 'ap26su9441', 'Auto', 1, '2018-09-28 14:25:18', 0, '0000-00-00 00:00:00', 0),
(10, 8, 'ap26ki9440', 'Auto', 1, '2018-09-28 14:28:07', 0, '0000-00-00 00:00:00', 0),
(11, 9, 'ap26gu9440', 'Auto', 1, '2018-09-28 14:30:36', 0, '0000-00-00 00:00:00', 0),
(12, 10, 'ap26pb0000', 'Auto', 1, '2018-09-28 14:32:50', 0, '0000-00-00 00:00:00', 0),
(13, 11, 'ap26ve9951', 'Auto', 1, '2018-09-28 14:35:26', 0, '0000-00-00 00:00:00', 0),
(14, 12, 'ap26mi0000', 'Auto', 1, '2018-09-28 14:37:01', 0, '0000-00-00 00:00:00', 0),
(15, 13, 'ap26vh9440', 'Auto', 1, '2018-09-28 14:38:43', 0, '0000-00-00 00:00:00', 0),
(16, 14, 'ap26sr7331', 'Auto', 1, '2018-09-28 14:40:15', 0, '0000-00-00 00:00:00', 0),
(17, 15, 'ap26pa0000', 'Auto', 1, '2018-09-28 17:51:37', 0, '0000-00-00 00:00:00', 0),
(18, 16, 'ap03si0000', 'Auto', 1, '2018-09-28 17:52:57', 0, '0000-00-00 00:00:00', 0),
(19, 17, 'ap26kr0000', 'Auto', 1, '2018-09-28 17:54:04', 0, '0000-00-00 00:00:00', 0),
(20, 18, 'ap26sa0000', 'Auto', 1, '2018-09-28 17:55:14', 0, '0000-00-00 00:00:00', 0),
(21, 19, 'ap26sk0000', 'Auto', 1, '2018-09-28 17:56:30', 0, '0000-00-00 00:00:00', 0),
(22, 20, 'ap26sr0000', 'Auto', 1, '2018-09-28 17:58:02', 0, '0000-00-00 00:00:00', 0),
(23, 21, 'ap26rr0000', 'Auto', 1, '2018-09-28 17:59:00', 0, '0000-00-00 00:00:00', 0),
(24, 22, 'ap26na000', 'Auto', 1, '2018-09-28 17:59:56', 0, '0000-00-00 00:00:00', 0),
(25, 23, 'ap26ra0000', 'Auto', 1, '2018-09-28 18:01:23', 0, '0000-00-00 00:00:00', 0),
(26, 24, 'ap26nu0000', 'Auto', 1, '2018-09-28 18:02:36', 0, '0000-00-00 00:00:00', 0),
(27, 25, 'ap26vg0000', 'Auto', 1, '2018-09-28 18:03:59', 0, '0000-00-00 00:00:00', 0),
(28, 26, 'ap26rn0000', 'Auto', 1, '2018-09-28 18:05:13', 0, '0000-00-00 00:00:00', 0),
(29, 27, 'ap26rj0000', 'Auto', 1, '2018-09-28 18:06:32', 0, '0000-00-00 00:00:00', 0),
(30, 28, 'ap26vi0000', 'Auto', 1, '2018-09-28 18:07:37', 0, '0000-00-00 00:00:00', 0),
(31, 29, 'ap26ja0000', 'Auto', 1, '2018-09-28 18:08:34', 0, '0000-00-00 00:00:00', 0),
(32, 30, 'ap26gp0000', 'Auto', 1, '2018-09-28 18:09:53', 0, '0000-00-00 00:00:00', 0),
(33, 31, 'ap26ps0000', 'Auto', 1, '2018-09-28 18:11:03', 0, '0000-00-00 00:00:00', 0),
(34, 32, 'ap26pr0000', 'Auto', 1, '2018-09-28 18:12:31', 0, '0000-00-00 00:00:00', 0),
(35, 33, 'ap26gi0000', 'Auto', 1, '2018-09-28 18:13:56', 0, '0000-00-00 00:00:00', 0),
(36, 34, 'ap26pe0000', 'Auto', 1, '2018-09-28 18:15:02', 0, '0000-00-00 00:00:00', 0),
(37, 35, 'ap26nm0000', 'Auto', 1, '2018-09-28 18:16:36', 0, '0000-00-00 00:00:00', 0),
(38, 36, 'ap26gh0000', 'Auto', 1, '2018-09-28 18:17:48', 0, '0000-00-00 00:00:00', 0),
(39, 37, 'ap26ki0000', 'Auto', 1, '2018-09-28 18:18:42', 0, '0000-00-00 00:00:00', 0),
(40, 38, 'ap26gb0000', 'Auto', 1, '2018-09-28 18:19:44', 0, '0000-00-00 00:00:00', 0),
(41, 39, 'ap26gg0000', 'Auto', 1, '2018-09-28 18:21:21', 0, '0000-00-00 00:00:00', 0),
(42, 40, 'ap26ka0000', 'Auto', 1, '2018-09-28 18:22:22', 0, '0000-00-00 00:00:00', 0),
(43, 41, '0', 'Auto', 1, '2018-10-01 09:17:25', 0, '0000-00-00 00:00:00', 0),
(44, 42, '0', 'Auto', 1, '2018-10-01 09:18:14', 0, '0000-00-00 00:00:00', 0);

-- --------------------------------------------------------

--
-- Table structure for table `k_emp`
--

CREATE TABLE `k_emp` (
  `emp_id` int(11) NOT NULL,
  `emp_no` varchar(20) NOT NULL,
  `emp_name` varchar(20) NOT NULL,
  `join_date` date NOT NULL,
  `phone` varchar(30) NOT NULL,
  `adhar_no` varchar(20) NOT NULL,
  `address` text NOT NULL,
  `designation` varchar(255) NOT NULL,
  `createdDate` datetime NOT NULL,
  `createdBy` int(5) NOT NULL,
  `modiDate` datetime NOT NULL,
  `modiBy` int(5) NOT NULL,
  `InActive` tinyint(5) NOT NULL,
  `status` tinyint(5) NOT NULL,
  `appr_emp` tinyint(5) NOT NULL,
  `del_emp` tinyint(5) NOT NULL
) ENGINE=InnoDB DEFAULT CHARSET=latin1;

--
-- Dumping data for table `k_emp`
--

INSERT INTO `k_emp` (`emp_id`, `emp_no`, `emp_name`, `join_date`, `phone`, `adhar_no`, `address`, `designation`, `createdDate`, `createdBy`, `modiDate`, `modiBy`, `InActive`, `status`, `appr_emp`, `del_emp`) VALUES
(1, '', 'k sreenivasulu reddy', '2018-09-01', '9160633606', '0', 'Jayampu', 'Manager', '2018-09-28 14:58:43', 1, '0000-00-00 00:00:00', 0, 0, 0, 0, 0),
(2, '', 'naveen', '2018-09-01', '9491359399', '0', 'Jayampu', 'PumpBoy', '2018-09-28 14:59:34', 1, '0000-00-00 00:00:00', 0, 0, 0, 0, 0),
(3, '', 'narasimha', '2018-09-01', '7331168898', '0', 'Jayampu', 'PumpBoy', '2018-09-28 15:00:22', 1, '0000-00-00 00:00:00', 0, 0, 0, 0, 0),
(4, '', 'prasanna', '2018-09-01', '7659069025', '0', 'Jayampu', 'PumpBoy', '2018-09-28 15:01:21', 1, '0000-00-00 00:00:00', 0, 0, 0, 0, 0),
(5, '', 'revanth', '2018-09-01', '7013833221', '0', 'Jayampu', 'PumpBoy', '2018-09-28 15:02:06', 1, '0000-00-00 00:00:00', 0, 0, 0, 0, 0),
(6, '', 'jaragaiah', '2018-09-01', '8500762363', '0', 'Jayampu', 'Security', '2018-09-28 15:02:47', 1, '2018-09-29 14:34:12', 1, 0, 0, 0, 0);

-- --------------------------------------------------------

--
-- Table structure for table `k_empattend`
--

CREATE TABLE `k_empattend` (
  `attend_id` int(11) NOT NULL,
  `date_attend` datetime NOT NULL,
  `createdDate` datetime NOT NULL,
  `createdBy` int(11) NOT NULL,
  `modiDate` datetime NOT NULL,
  `modiBy` int(11) NOT NULL,
  `InActive` int(11) NOT NULL,
  `status` int(11) NOT NULL
) ENGINE=InnoDB DEFAULT CHARSET=latin1;

-- --------------------------------------------------------

--
-- Table structure for table `k_empattendens_list`
--

CREATE TABLE `k_empattendens_list` (
  `attendList_id` int(11) NOT NULL,
  `attend_id` int(11) NOT NULL,
  `attend_Date` datetime NOT NULL,
  `attend_empid` int(11) NOT NULL,
  `attend_type` char(2) NOT NULL,
  `attend_remark` varchar(10) NOT NULL,
  `createdDate` datetime NOT NULL,
  `createdBy` int(11) NOT NULL,
  `modiDate` datetime NOT NULL,
  `modiBy` int(11) NOT NULL,
  `InActive` tinyint(4) NOT NULL,
  `status` tinyint(4) NOT NULL
) ENGINE=InnoDB DEFAULT CHARSET=latin1 COMMENT='Employee_attendence';

-- --------------------------------------------------------

--
-- Table structure for table `k_expens`
--

CREATE TABLE `k_expens` (
  `exp_id` int(11) NOT NULL,
  `exp_dt` date NOT NULL,
  `exp_totamt` float NOT NULL,
  `createdBy` varchar(100) NOT NULL,
  `createdDate` datetime NOT NULL,
  `modiby` varchar(100) NOT NULL,
  `modiDate` datetime NOT NULL,
  `Inactive` int(11) NOT NULL,
  `status` int(11) NOT NULL
) ENGINE=InnoDB DEFAULT CHARSET=latin1;

--
-- Dumping data for table `k_expens`
--

INSERT INTO `k_expens` (`exp_id`, `exp_dt`, `exp_totamt`, `createdBy`, `createdDate`, `modiby`, `modiDate`, `Inactive`, `status`) VALUES
(1, '2018-12-17', 577, '1', '2018-12-17 14:58:08', '', '0000-00-00 00:00:00', 0, 0),
(2, '2018-12-18', 400, '1', '2018-12-17 15:10:34', '', '0000-00-00 00:00:00', 0, 0),
(3, '2018-12-19', 254, '1', '2018-12-19 16:56:24', '', '0000-00-00 00:00:00', 0, 0);

-- --------------------------------------------------------

--
-- Table structure for table `k_expenses_list`
--

CREATE TABLE `k_expenses_list` (
  `expses_id` int(11) NOT NULL,
  `exp_id` int(11) NOT NULL,
  `expses_dt` date NOT NULL,
  `expses_pump` varchar(10) NOT NULL,
  `category` varchar(50) NOT NULL,
  `expses_empid` int(11) NOT NULL,
  `expses_type` int(11) NOT NULL,
  `expses_amt` float NOT NULL,
  `expses_des` text NOT NULL,
  `createdBy` int(11) NOT NULL,
  `createdDate` datetime NOT NULL,
  `modiby` int(11) NOT NULL,
  `modiDate` datetime NOT NULL,
  `Inactive` int(11) NOT NULL,
  `status` int(11) NOT NULL
) ENGINE=InnoDB DEFAULT CHARSET=latin1;

--
-- Dumping data for table `k_expenses_list`
--

INSERT INTO `k_expenses_list` (`expses_id`, `exp_id`, `expses_dt`, `expses_pump`, `category`, `expses_empid`, `expses_type`, `expses_amt`, `expses_des`, `createdBy`, `createdDate`, `modiby`, `modiDate`, `Inactive`, `status`) VALUES
(1, 1, '2018-12-17', '', 'Outflow', 6, 3, 454, 'qwe', 1, '2018-12-17 14:58:08', 0, '0000-00-00 00:00:00', 0, 0),
(2, 1, '2018-12-17', '', 'Inflow', 3, 2, 123, 'rr', 1, '2018-12-17 14:58:08', 0, '0000-00-00 00:00:00', 0, 0),
(3, 2, '2018-12-18', '', 'Outflow', 6, 3, 150, 'testing', 1, '2018-12-17 15:10:34', 0, '0000-00-00 00:00:00', 0, 0),
(4, 2, '2018-12-18', '', 'Inflow', 1, 2, 250, 'testiing note', 1, '2018-12-17 15:10:34', 0, '0000-00-00 00:00:00', 0, 0),
(5, 3, '2018-12-19', '', 'Outflow', 6, 1, 4, 'o', 1, '2018-12-19 16:56:24', 0, '0000-00-00 00:00:00', 0, 0),
(6, 3, '2018-12-19', '', 'Inflow', 3, 2, 250, 'b', 1, '2018-12-19 16:56:24', 0, '0000-00-00 00:00:00', 0, 0);

-- --------------------------------------------------------

--
-- Table structure for table `k_expenstype`
--

CREATE TABLE `k_expenstype` (
  `exptype_id` int(11) NOT NULL,
  `exp_name` varchar(100) NOT NULL,
  `type` varchar(100) NOT NULL,
  `createdBy` int(5) NOT NULL,
  `modifyBy` int(5) NOT NULL,
  `createdDate` datetime NOT NULL,
  `modiDate` datetime NOT NULL,
  `InActive` int(11) NOT NULL,
  `status` int(11) NOT NULL
) ENGINE=InnoDB DEFAULT CHARSET=latin1;

--
-- Dumping data for table `k_expenstype`
--

INSERT INTO `k_expenstype` (`exptype_id`, `exp_name`, `type`, `createdBy`, `modifyBy`, `createdDate`, `modiDate`, `InActive`, `status`) VALUES
(1, 'CASH TO OTHERS', '', 1, 0, '0000-00-00 00:00:00', '0000-00-00 00:00:00', 0, 0),
(2, 'BETA', '', 1, 0, '0000-00-00 00:00:00', '0000-00-00 00:00:00', 0, 0),
(3, 'REFELE', '', 1, 0, '0000-00-00 00:00:00', '0000-00-00 00:00:00', 0, 0);

-- --------------------------------------------------------

--
-- Table structure for table `k_invoicecheck`
--

CREATE TABLE `k_invoicecheck` (
  `check_id` int(11) NOT NULL,
  `check_point` varchar(100) NOT NULL,
  `check_des` text NOT NULL,
  `createdBy` int(11) NOT NULL,
  `createdDate` datetime NOT NULL,
  `modiBy` int(11) NOT NULL,
  `modiDate` datetime NOT NULL,
  `InActive` int(11) NOT NULL,
  `status` int(11) NOT NULL
) ENGINE=InnoDB DEFAULT CHARSET=latin1;

-- --------------------------------------------------------

--
-- Table structure for table `k_invoiceship`
--

CREATE TABLE `k_invoiceship` (
  `ship_id` int(11) NOT NULL,
  `ship_code` varchar(100) NOT NULL,
  `ship_des` text NOT NULL,
  `createdBy` int(11) NOT NULL,
  `createdDate` datetime NOT NULL,
  `modiBy` int(11) NOT NULL,
  `modiDate` datetime NOT NULL,
  `InActive` int(11) NOT NULL,
  `status` int(11) NOT NULL
) ENGINE=InnoDB DEFAULT CHARSET=latin1;

-- --------------------------------------------------------

--
-- Table structure for table `k_invoicesold`
--

CREATE TABLE `k_invoicesold` (
  `sold_id` int(11) NOT NULL,
  `sold_code` varchar(100) NOT NULL,
  `sold_des` text NOT NULL,
  `createdBy` int(11) NOT NULL,
  `createdDate` datetime NOT NULL,
  `modiBy` int(11) NOT NULL,
  `modiDate` datetime NOT NULL,
  `InActive` int(11) NOT NULL,
  `status` int(11) NOT NULL
) ENGINE=InnoDB DEFAULT CHARSET=latin1;

-- --------------------------------------------------------

--
-- Table structure for table `k_lqproducts`
--

CREATE TABLE `k_lqproducts` (
  `prod_id` int(11) NOT NULL,
  `prod_name` varchar(50) NOT NULL,
  `Short_name` varchar(20) NOT NULL,
  `InActive` tinyint(2) NOT NULL,
  `status` tinyint(1) NOT NULL
) ENGINE=InnoDB DEFAULT CHARSET=latin1;

--
-- Dumping data for table `k_lqproducts`
--

INSERT INTO `k_lqproducts` (`prod_id`, `prod_name`, `Short_name`, `InActive`, `status`) VALUES
(1, 'SPEED PETROL', 'SPEED', 0, 0),
(2, 'MS PETROL', 'MS', 0, 0),
(3, 'HSD', 'HSD', 0, 0);

-- --------------------------------------------------------

--
-- Table structure for table `k_lqsalepump`
--

CREATE TABLE `k_lqsalepump` (
  `sale_pid` int(11) NOT NULL,
  `prod_id` tinyint(3) NOT NULL,
  `sale_tank` varchar(10) NOT NULL,
  `sale_pump` varchar(10) NOT NULL,
  `sale_pdate` date NOT NULL,
  `sale_ptotsale` double NOT NULL,
  `sale_ptotamt` float NOT NULL,
  `sale_ptottest` float NOT NULL,
  `createdBy` varchar(11) NOT NULL,
  `modiby` int(11) NOT NULL,
  `createdDate` datetime NOT NULL,
  `modiDate` datetime NOT NULL,
  `InActive` int(11) NOT NULL,
  `status` int(11) NOT NULL
) ENGINE=InnoDB DEFAULT CHARSET=latin1;

--
-- Dumping data for table `k_lqsalepump`
--

INSERT INTO `k_lqsalepump` (`sale_pid`, `prod_id`, `sale_tank`, `sale_pump`, `sale_pdate`, `sale_ptotsale`, `sale_ptotamt`, `sale_ptottest`, `createdBy`, `modiby`, `createdDate`, `modiDate`, `InActive`, `status`) VALUES
(1, 1, '', '', '2018-12-17', 0, 0, 0, '1', 0, '2018-12-17 14:58:06', '0000-00-00 00:00:00', 0, 0),
(2, 2, '', '', '2018-12-17', 0, 0, 0, '1', 0, '2018-12-17 14:58:06', '0000-00-00 00:00:00', 0, 0),
(3, 3, '', '', '2018-12-17', 0, 0, 0, '1', 0, '2018-12-17 14:58:06', '0000-00-00 00:00:00', 0, 0),
(4, 1, '', '', '2018-12-18', 0, 0, 0, '1', 0, '2018-12-17 15:05:22', '0000-00-00 00:00:00', 0, 0),
(5, 2, '', '', '2018-12-18', 0, 0, 0, '1', 0, '2018-12-17 15:05:22', '0000-00-00 00:00:00', 0, 0),
(6, 3, '', '', '2018-12-18', 0, 0, 0, '1', 0, '2018-12-17 15:05:22', '0000-00-00 00:00:00', 0, 0),
(7, 1, '', '', '2018-12-19', 0, 0, 0, '1', 0, '2018-12-19 16:56:24', '0000-00-00 00:00:00', 0, 0),
(8, 2, '', '', '2018-12-19', 0, 0, 0, '1', 0, '2018-12-19 16:56:24', '0000-00-00 00:00:00', 0, 0),
(9, 3, '', '', '2018-12-19', 0, 0, 0, '1', 0, '2018-12-19 16:56:24', '0000-00-00 00:00:00', 0, 0);

-- --------------------------------------------------------

--
-- Table structure for table `k_lqsale_nozpump`
--

CREATE TABLE `k_lqsale_nozpump` (
  `pnoz_id` int(11) NOT NULL,
  `sale_pdate` date NOT NULL,
  `sale_pid` int(11) NOT NULL,
  `tank_no` varchar(10) NOT NULL,
  `pump_no` varchar(5) NOT NULL,
  `pnoz_nozid` int(11) NOT NULL,
  `pnoz_prodid` int(11) NOT NULL,
  `pnoz_openrd` double NOT NULL,
  `pnoz_closerd` double NOT NULL,
  `pnoz_saleqnt` double NOT NULL,
  `pnoz_prodprice` float NOT NULL,
  `pnoz_saleamt` float NOT NULL,
  `pnoz_test` float NOT NULL,
  `pnoz_testcost` float NOT NULL,
  `pnoz_empid` int(11) NOT NULL,
  `createdBy` tinyint(5) NOT NULL,
  `createdDate` datetime DEFAULT NULL,
  `modiDate` datetime DEFAULT NULL,
  `modiby` tinyint(5) NOT NULL,
  `InActive` int(11) NOT NULL,
  `status` int(11) NOT NULL
) ENGINE=InnoDB DEFAULT CHARSET=latin1;

--
-- Dumping data for table `k_lqsale_nozpump`
--

INSERT INTO `k_lqsale_nozpump` (`pnoz_id`, `sale_pdate`, `sale_pid`, `tank_no`, `pump_no`, `pnoz_nozid`, `pnoz_prodid`, `pnoz_openrd`, `pnoz_closerd`, `pnoz_saleqnt`, `pnoz_prodprice`, `pnoz_saleamt`, `pnoz_test`, `pnoz_testcost`, `pnoz_empid`, `createdBy`, `createdDate`, `modiDate`, `modiby`, `InActive`, `status`) VALUES
(1, '2018-12-17', 1, 'T4', 'P3', 9, 1, 0, 75, 68, 76, 5168, 7, 0, 3, 1, '2018-12-17 14:58:06', NULL, 0, 0, 0),
(2, '2018-12-17', 1, 'T4', 'P3', 10, 1, 0, 75, 67, 76, 5092, 8, 0, 3, 1, '2018-12-17 14:58:06', NULL, 0, 0, 0),
(3, '2018-12-17', 2, 'T2', 'P1', 3, 2, 0, 98, 89, 85, 7565, 9, 0, 2, 1, '2018-12-17 14:58:06', NULL, 0, 0, 0),
(4, '2018-12-17', 2, 'T2', 'P1', 4, 2, 0, 97, 90, 85, 7650, 7, 0, 3, 1, '2018-12-17 14:58:06', NULL, 0, 0, 0),
(5, '2018-12-17', 2, 'T2', 'P2', 5, 2, 0, 85, 77, 85, 6545, 8, 0, 3, 1, '2018-12-17 14:58:06', NULL, 0, 0, 0),
(6, '2018-12-17', 2, 'T2', 'P2', 6, 2, 0, 88, 79, 85, 6715, 9, 0, 5, 1, '2018-12-17 14:58:06', NULL, 0, 0, 0),
(7, '2018-12-17', 3, 'T1', 'P1', 1, 3, 0, 82, 75, 77, 5775, 7, 0, 3, 1, '2018-12-17 14:58:06', NULL, 0, 0, 0),
(8, '2018-12-17', 3, 'T1', 'P1', 2, 3, 0, 93, 89, 77, 6853, 4, 0, 1, 1, '2018-12-17 14:58:06', NULL, 0, 0, 0),
(9, '2018-12-17', 3, 'T3', 'P2', 7, 3, 0, 97, 87, 77, 6699, 10, 0, 3, 1, '2018-12-17 14:58:06', NULL, 0, 0, 0),
(10, '2018-12-17', 3, 'T3', 'P2', 8, 3, 0, 99, 88, 77, 6776, 11, 0, 5, 1, '2018-12-17 14:58:06', NULL, 0, 0, 0),
(11, '2018-12-18', 4, 'T4', 'P3', 9, 1, 0, 74, 70, 76, 5320, 4, 0, 5, 1, '2018-12-17 15:05:22', NULL, 0, 0, 0),
(12, '2018-12-18', 4, 'T4', 'P3', 10, 1, 0, 80, 72, 76, 5472, 8, 0, 5, 1, '2018-12-17 15:05:22', NULL, 0, 0, 0),
(13, '2018-12-18', 5, 'T2', 'P1', 3, 2, 0, 99, 9, 85, 765, 90, 0, 6, 1, '2018-12-17 15:05:22', NULL, 0, 0, 0),
(14, '2018-12-18', 5, 'T2', 'P1', 4, 2, 0, 78, 70, 85, 5950, 8, 0, 4, 1, '2018-12-17 15:05:22', NULL, 0, 0, 0),
(15, '2018-12-18', 5, 'T2', 'P2', 5, 2, 0, 98, 28, 85, 2380, 70, 0, 4, 1, '2018-12-17 15:05:22', NULL, 0, 0, 0),
(16, '2018-12-18', 5, 'T2', 'P2', 6, 2, 0, 77, 70, 85, 5950, 7, 0, 5, 1, '2018-12-17 15:05:22', NULL, 0, 0, 0),
(17, '2018-12-18', 6, 'T1', 'P1', 1, 3, 0, 65, 59, 77, 4543, 6, 0, 5, 1, '2018-12-17 15:05:22', NULL, 0, 0, 0),
(18, '2018-12-18', 6, 'T1', 'P1', 2, 3, 0, 50, 50, 77, 3850, 0.12, 0, 4, 1, '2018-12-17 15:05:22', '2018-12-17 15:41:33', 1, 0, 0),
(19, '2018-12-18', 6, 'T3', 'P2', 7, 3, 0, 70, 65, 77, 5005, 5, 0, 5, 1, '2018-12-17 15:05:22', NULL, 0, 0, 0),
(20, '2018-12-18', 6, 'T3', 'P2', 8, 3, 0, 50, 45, 77, 3465, 5, 0, 5, 1, '2018-12-17 15:05:22', NULL, 0, 0, 0),
(21, '2018-12-19', 7, 'T4', 'P3', 9, 1, 0, 7, 7, 77, 539, 0, 0, 3, 1, '2018-12-19 16:56:24', NULL, 0, 0, 0),
(22, '2018-12-19', 7, 'T4', 'P3', 10, 1, 0, 4, 4, 77, 308, 0, 0, 5, 1, '2018-12-19 16:56:24', NULL, 0, 0, 0),
(23, '2018-12-19', 8, 'T2', 'P1', 3, 2, 0, 7, 7, 99, 693, 0, 0, 4, 1, '2018-12-19 16:56:24', NULL, 0, 0, 0),
(24, '2018-12-19', 8, 'T2', 'P1', 4, 2, 0, 4, 4, 99, 396, 0, 0, 4, 1, '2018-12-19 16:56:24', NULL, 0, 0, 0),
(25, '2018-12-19', 8, 'T2', 'P2', 5, 2, 0, 4, 4, 99, 396, 0, 0, 5, 1, '2018-12-19 16:56:24', NULL, 0, 0, 0),
(26, '2018-12-19', 8, 'T2', 'P2', 6, 2, 0, 4, 4, 99, 396, 0, 0, 4, 1, '2018-12-19 16:56:24', NULL, 0, 0, 0),
(27, '2018-12-19', 9, 'T1', 'P1', 1, 3, 0, 4, 4, 101, 404, 0, 0, 6, 1, '2018-12-19 16:56:24', NULL, 0, 0, 0),
(28, '2018-12-19', 9, 'T1', 'P1', 2, 3, 0, 4, 4, 101, 404, 0, 0, 5, 1, '2018-12-19 16:56:24', NULL, 0, 0, 0),
(29, '2018-12-19', 9, 'T3', 'P2', 7, 3, 0, 4, 4, 101, 404, 0, 0, 5, 1, '2018-12-19 16:56:24', NULL, 0, 0, 0),
(30, '2018-12-19', 9, 'T3', 'P2', 8, 3, 0, 4, 4, 101, 404, 0, 0, 3, 1, '2018-12-19 16:56:24', NULL, 0, 0, 0);

-- --------------------------------------------------------

--
-- Table structure for table `k_nozzel`
--

CREATE TABLE `k_nozzel` (
  `nozel_id` tinyint(5) NOT NULL,
  `noz_name` varchar(30) NOT NULL,
  `tank_no` varchar(20) NOT NULL,
  `product` tinyint(3) NOT NULL,
  `createdBy` int(11) NOT NULL,
  `createdDate` datetime NOT NULL,
  `modiBy` int(11) NOT NULL,
  `modiDate` datetime NOT NULL,
  `InActive` tinyint(5) NOT NULL,
  `status` int(11) NOT NULL
) ENGINE=InnoDB DEFAULT CHARSET=latin1;

--
-- Dumping data for table `k_nozzel`
--

INSERT INTO `k_nozzel` (`nozel_id`, `noz_name`, `tank_no`, `product`, `createdBy`, `createdDate`, `modiBy`, `modiDate`, `InActive`, `status`) VALUES
(1, 'A2', 'T1', 3, 1, '2018-11-14 18:50:50', 0, '0000-00-00 00:00:00', 0, 0),
(2, 'B2', 'T1', 3, 1, '2018-11-14 18:50:50', 0, '0000-00-00 00:00:00', 0, 0),
(3, 'A1', 'T2', 2, 1, '2018-11-14 18:54:21', 0, '0000-00-00 00:00:00', 0, 0),
(4, 'B1', 'T2', 2, 1, '2018-11-14 18:54:21', 0, '0000-00-00 00:00:00', 0, 0),
(5, 'N2', 'T2', 2, 1, '2018-11-14 18:54:21', 0, '0000-00-00 00:00:00', 0, 0),
(6, 'N7', 'T2', 2, 1, '2018-11-14 18:54:21', 0, '0000-00-00 00:00:00', 0, 0),
(7, 'N4', 'T3', 3, 1, '2018-11-14 18:54:48', 0, '0000-00-00 00:00:00', 0, 0),
(8, 'N5', 'T3', 3, 1, '2018-11-14 18:54:48', 0, '0000-00-00 00:00:00', 0, 0),
(9, 'N3', 'T4', 1, 1, '2018-11-14 18:55:26', 0, '0000-00-00 00:00:00', 0, 0),
(10, 'N6', 'T4', 1, 1, '2018-11-14 18:55:26', 0, '0000-00-00 00:00:00', 0, 0);

-- --------------------------------------------------------

--
-- Table structure for table `k_noz_pump`
--

CREATE TABLE `k_noz_pump` (
  `id` int(11) NOT NULL
) ENGINE=MyISAM DEFAULT CHARSET=latin1;

-- --------------------------------------------------------

--
-- Table structure for table `k_npur_product`
--

CREATE TABLE `k_npur_product` (
  `prd_id` int(11) NOT NULL,
  `purc_date` date NOT NULL,
  `prod_id` varchar(30) NOT NULL,
  `pro_qty` float NOT NULL,
  `pro_rate` float NOT NULL,
  `pro_sal_rate` float NOT NULL,
  `pro_amt` float NOT NULL,
  `purc_amt_id` float NOT NULL,
  `createdBy` int(11) NOT NULL,
  `createdDate` datetime NOT NULL,
  `modiBy` int(11) NOT NULL,
  `modiDate` datetime NOT NULL,
  `status` tinyint(5) NOT NULL,
  `InActive` tinyint(5) NOT NULL
) ENGINE=InnoDB DEFAULT CHARSET=latin1;

--
-- Dumping data for table `k_npur_product`
--

INSERT INTO `k_npur_product` (`prd_id`, `purc_date`, `prod_id`, `pro_qty`, `pro_rate`, `pro_sal_rate`, `pro_amt`, `purc_amt_id`, `createdBy`, `createdDate`, `modiBy`, `modiDate`, `status`, `InActive`) VALUES
(1, '2018-10-18', '1', 23, 23, 33, 529, 13, 1, '2018-10-18 17:54:27', 0, '0000-00-00 00:00:00', 0, 0),
(2, '2018-11-14', '1', 25, 25, 30, 625, 23, 1, '2018-11-14 11:56:13', 0, '0000-00-00 00:00:00', 0, 0),
(3, '2018-11-14', '2', 20, 25, 21, 500, 24, 1, '2018-11-14 12:00:28', 0, '0000-00-00 00:00:00', 0, 0),
(4, '2018-11-14', '2', 80, 55, 60, 4400, 29, 1, '2018-11-14 16:12:33', 0, '0000-00-00 00:00:00', 0, 0);

-- --------------------------------------------------------

--
-- Table structure for table `k_product`
--

CREATE TABLE `k_product` (
  `p_id` int(11) NOT NULL,
  `product_name` varchar(30) NOT NULL,
  `disable` tinyint(4) NOT NULL,
  `createdBy` varchar(100) NOT NULL,
  `modiBy` varchar(100) NOT NULL,
  `createdDate` datetime NOT NULL,
  `modiDate` datetime NOT NULL,
  `status` tinyint(5) NOT NULL,
  `InActive` tinyint(5) NOT NULL
) ENGINE=InnoDB DEFAULT CHARSET=latin1;

--
-- Dumping data for table `k_product`
--

INSERT INTO `k_product` (`p_id`, `product_name`, `disable`, `createdBy`, `modiBy`, `createdDate`, `modiDate`, `status`, `InActive`) VALUES
(1, 'castrol14', 0, '1', '', '2018-10-13 12:12:05', '0000-00-00 00:00:00', 0, 0),
(2, 'OIL', 0, '1', '', '2018-11-14 11:57:07', '0000-00-00 00:00:00', 0, 0);

-- --------------------------------------------------------

--
-- Table structure for table `k_product_details`
--

CREATE TABLE `k_product_details` (
  `k_prdct_id` int(11) NOT NULL,
  `k_prduct_type` varchar(20) NOT NULL,
  `sale_type` varchar(50) NOT NULL COMMENT 'if sale then (cash or credit))',
  `org_name` varchar(50) NOT NULL COMMENT 'if sale',
  `k_prduct_date` date NOT NULL,
  `k_tot_amt` float NOT NULL,
  `createdBy` int(5) NOT NULL,
  `modiby` int(5) NOT NULL,
  `createdDate` datetime NOT NULL,
  `modiDate` datetime NOT NULL,
  `InActive` int(11) NOT NULL,
  `status` int(11) NOT NULL
) ENGINE=InnoDB DEFAULT CHARSET=latin1;

--
-- Dumping data for table `k_product_details`
--

INSERT INTO `k_product_details` (`k_prdct_id`, `k_prduct_type`, `sale_type`, `org_name`, `k_prduct_date`, `k_tot_amt`, `createdBy`, `modiby`, `createdDate`, `modiDate`, `InActive`, `status`) VALUES
(1, 'S', '0', '0', '2018-11-15', 0, 1, 0, '2018-11-15 19:07:08', '0000-00-00 00:00:00', 0, 0),
(2, 'S', '0', '0', '2018-11-15', 0, 1, 0, '2018-11-15 20:00:09', '0000-00-00 00:00:00', 0, 0),
(3, 'S', '0', '0', '2018-11-15', 0, 1, 0, '2018-11-15 20:25:57', '0000-00-00 00:00:00', 0, 0),
(4, 'S', '0', '0', '2018-11-23', 0, 1, 0, '2018-11-23 12:46:29', '0000-00-00 00:00:00', 0, 0),
(5, 'S', '0', '0', '2018-11-16', 0, 1, 0, '2018-11-24 17:30:41', '0000-00-00 00:00:00', 0, 0),
(6, 'S', '0', '0', '2018-11-16', 0, 1, 0, '2018-11-24 17:38:35', '0000-00-00 00:00:00', 0, 0),
(7, 'S', '0', '0', '2018-11-16', 0, 1, 0, '2018-11-24 17:46:27', '0000-00-00 00:00:00', 0, 0),
(8, 'S', '0', '0', '2018-11-16', 0, 1, 0, '2018-11-24 17:55:23', '0000-00-00 00:00:00', 0, 0),
(9, 'S', '0', '0', '2018-11-24', 0, 1, 0, '2018-11-24 20:52:51', '0000-00-00 00:00:00', 0, 0),
(10, 'S', '0', '0', '2018-11-27', 0, 1, 0, '2018-11-27 09:21:57', '0000-00-00 00:00:00', 0, 0),
(11, 'S', '0', '0', '2018-11-27', 0, 1, 0, '2018-11-27 10:26:08', '0000-00-00 00:00:00', 0, 0),
(12, 'S', 'Cash', '', '2018-11-28', 21, 1, 0, '2018-11-27 10:57:13', '0000-00-00 00:00:00', 0, 0),
(13, 'S', 'Cash', '', '2018-11-27', 51, 1, 0, '2018-11-27 12:07:37', '0000-00-00 00:00:00', 0, 0),
(14, 'S', 'Cash', '', '2018-11-27', 84, 1, 0, '2018-11-27 18:36:42', '0000-00-00 00:00:00', 0, 0),
(15, 'S', 'Cash', '17', '2018-11-28', 0, 1, 0, '2018-11-28 10:01:46', '0000-00-00 00:00:00', 0, 0),
(16, 'S', 'Cash', '1', '2018-11-28', 51, 1, 0, '2018-11-28 12:04:40', '0000-00-00 00:00:00', 0, 0),
(17, 'S', 'Cash', '', '2018-11-28', 102, 1, 0, '2018-11-28 14:30:39', '0000-00-00 00:00:00', 0, 0),
(18, 'S', 'Cash', '', '2018-11-28', 102, 1, 0, '2018-11-28 14:30:58', '0000-00-00 00:00:00', 0, 0),
(19, 'S', 'Cash', '', '2018-11-28', 72, 1, 0, '2018-11-28 16:00:44', '0000-00-00 00:00:00', 0, 0),
(20, 'S', 'Cash', '', '2018-11-28', 102, 1, 0, '2018-11-28 16:07:53', '0000-00-00 00:00:00', 0, 0),
(21, 'S', 'Cash', '', '2018-11-28', 102, 1, 0, '2018-11-28 16:10:00', '0000-00-00 00:00:00', 0, 0),
(22, 'S', 'Cash', '', '2018-11-28', 51, 1, 0, '2018-11-28 16:19:33', '0000-00-00 00:00:00', 0, 0),
(23, 'S', 'Cash', '', '2018-11-28', 51, 1, 0, '2018-11-28 16:22:49', '0000-00-00 00:00:00', 0, 0),
(24, 'S', 'Cash', '', '2018-11-28', 51, 1, 0, '2018-11-28 16:22:53', '0000-00-00 00:00:00', 0, 0),
(25, 'S', 'Cash', '', '2018-11-28', 51, 1, 0, '2018-11-28 16:23:17', '0000-00-00 00:00:00', 0, 0),
(26, 'S', 'Cash', '', '2018-11-28', 945, 1, 0, '2018-11-28 18:36:26', '0000-00-00 00:00:00', 0, 0),
(27, 'S', 'Cash', '17', '2018-11-29', 63, 1, 0, '2018-11-29 10:34:13', '0000-00-00 00:00:00', 0, 0),
(28, 'S', 'Cash', '', '2018-11-30', 255, 1, 0, '2018-11-29 12:05:50', '0000-00-00 00:00:00', 0, 0),
(29, 'S', 'Cash', '', '2018-11-29', 147, 1, 0, '2018-11-29 16:19:27', '0000-00-00 00:00:00', 0, 0),
(30, 'S', 'Cash', '0', '2018-11-29', 0, 1, 0, '2018-11-29 18:02:38', '0000-00-00 00:00:00', 0, 0),
(31, 'S', 'Credit', '0', '2018-11-29', 0, 1, 0, '2018-11-29 18:02:38', '0000-00-00 00:00:00', 0, 0),
(32, 'S', 'Cash', '0', '2018-11-29', 0, 1, 0, '2018-11-29 18:04:03', '0000-00-00 00:00:00', 0, 0),
(33, 'S', 'Cash', '0', '2018-11-29', 0, 1, 0, '2018-11-29 18:07:27', '0000-00-00 00:00:00', 0, 0),
(34, 'S', 'Credit', '0', '2018-11-29', 0, 1, 0, '2018-11-29 18:07:27', '0000-00-00 00:00:00', 0, 0),
(35, 'S', 'Cash', '0', '2018-11-29', 0, 1, 0, '2018-11-29 18:12:15', '0000-00-00 00:00:00', 0, 0),
(36, 'S', 'Credit', '0', '2018-11-29', 0, 1, 0, '2018-11-29 18:12:15', '0000-00-00 00:00:00', 0, 0),
(37, 'S', 'Cash', '0', '2018-11-29', 0, 1, 0, '2018-11-29 18:13:06', '0000-00-00 00:00:00', 0, 0),
(38, 'S', 'Credit', '0', '2018-11-29', 0, 1, 0, '2018-11-29 18:13:06', '0000-00-00 00:00:00', 0, 0),
(39, 'S', 'Cash', '0', '2018-11-29', 0, 1, 0, '2018-11-29 18:14:05', '0000-00-00 00:00:00', 0, 0),
(40, 'S', 'Credit', '0', '2018-11-29', 0, 1, 0, '2018-11-29 18:14:05', '0000-00-00 00:00:00', 0, 0),
(41, 'S', 'Cash', '0', '2018-11-29', 0, 1, 0, '2018-11-29 18:14:36', '0000-00-00 00:00:00', 0, 0),
(42, 'S', 'Credit', '0', '2018-11-29', 0, 1, 0, '2018-11-29 18:14:36', '0000-00-00 00:00:00', 0, 0),
(43, 'S', 'Cash', '0', '2018-11-29', 0, 1, 0, '2018-11-29 18:15:45', '0000-00-00 00:00:00', 0, 0),
(44, 'S', 'Credit', '0', '2018-11-29', 0, 1, 0, '2018-11-29 18:15:45', '0000-00-00 00:00:00', 0, 0),
(45, 'S', 'Cash', '0', '2018-11-29', 0, 1, 0, '2018-11-29 18:28:37', '0000-00-00 00:00:00', 0, 0),
(46, 'S', 'Credit', '0', '2018-11-29', 0, 1, 0, '2018-11-29 18:28:37', '0000-00-00 00:00:00', 0, 0),
(47, 'S', 'Cash', '0', '2018-11-29', 0, 1, 0, '2018-11-29 18:35:44', '0000-00-00 00:00:00', 0, 0),
(48, 'S', 'Credit', '0', '2018-11-29', 0, 1, 0, '2018-11-29 18:35:44', '0000-00-00 00:00:00', 0, 0),
(49, 'S', 'Cash', '0', '2018-11-29', 0, 1, 0, '2018-11-29 18:36:42', '0000-00-00 00:00:00', 0, 0),
(50, 'S', 'Credit', '0', '2018-11-29', 0, 1, 0, '2018-11-29 18:36:42', '0000-00-00 00:00:00', 0, 0),
(51, 'S', 'Cash', '0', '2018-11-29', 0, 1, 0, '2018-11-29 18:38:27', '0000-00-00 00:00:00', 0, 0),
(52, 'S', 'Credit', '3', '2018-11-29', 0, 1, 0, '2018-11-29 18:38:27', '0000-00-00 00:00:00', 0, 0),
(53, 'S', 'Cash', '0', '2018-11-29', 0, 1, 0, '2018-11-29 18:45:25', '0000-00-00 00:00:00', 0, 0),
(54, 'S', 'Credit', '3', '2018-11-29', 0, 1, 0, '2018-11-29 18:45:25', '0000-00-00 00:00:00', 0, 0),
(55, 'S', 'Cash', '0', '2018-11-29', 0, 1, 0, '2018-11-29 19:02:02', '0000-00-00 00:00:00', 0, 0),
(56, 'S', 'Cash', '0', '2018-11-29', 0, 1, 0, '2018-11-29 19:03:57', '0000-00-00 00:00:00', 0, 0),
(57, 'S', 'Credit', '3', '2018-11-29', 0, 1, 0, '2018-11-29 19:03:57', '0000-00-00 00:00:00', 0, 0),
(58, 'S', 'Cash', '0', '2018-11-29', 0, 1, 0, '2018-11-29 19:05:51', '0000-00-00 00:00:00', 0, 0),
(59, 'S', 'Credit', '3', '2018-11-29', 0, 1, 0, '2018-11-29 19:05:51', '0000-00-00 00:00:00', 0, 0),
(60, 'S', 'Cash', '0', '2018-11-29', 0, 1, 0, '2018-11-29 19:21:19', '0000-00-00 00:00:00', 0, 0),
(61, 'S', 'Credit', '2', '2018-11-29', 0, 1, 0, '2018-11-29 19:21:19', '0000-00-00 00:00:00', 0, 0),
(62, 'S', 'Cash', '0', '2018-11-29', 0, 1, 0, '2018-11-29 19:23:37', '0000-00-00 00:00:00', 0, 0),
(63, 'S', 'Credit', '2', '2018-11-29', 0, 1, 0, '2018-11-29 19:23:37', '0000-00-00 00:00:00', 0, 0),
(64, 'S', 'Cash', '0', '2018-11-30', 0, 1, 0, '2018-11-30 09:21:53', '0000-00-00 00:00:00', 0, 0),
(65, 'S', 'Credit', '1', '2018-11-30', 0, 1, 0, '2018-11-30 09:21:53', '0000-00-00 00:00:00', 0, 0),
(66, 'S', 'Cash', '0', '2018-12-01', 0, 1, 0, '2018-12-01 16:59:42', '0000-00-00 00:00:00', 0, 0),
(67, 'S', 'Credit', '4', '2018-12-01', 0, 1, 0, '2018-12-01 16:59:42', '0000-00-00 00:00:00', 0, 0),
(68, 'S', 'Cash', '0', '2018-12-07', 0, 1, 0, '2018-12-07 17:23:48', '0000-00-00 00:00:00', 0, 0),
(69, 'S', 'Credit', '3', '2018-12-07', 0, 1, 0, '2018-12-07 17:23:48', '0000-00-00 00:00:00', 0, 0),
(70, 'S', 'Cash', '0', '2018-12-07', 0, 1, 0, '2018-12-07 19:46:59', '0000-00-00 00:00:00', 0, 0),
(71, 'S', 'Credit', '3', '2018-12-07', 0, 1, 0, '2018-12-07 19:46:59', '0000-00-00 00:00:00', 0, 0),
(72, 'S', 'Cash', '0', '2018-12-08', 0, 1, 0, '2018-12-08 11:43:13', '0000-00-00 00:00:00', 0, 0),
(73, 'S', 'Credit', '3', '2018-12-08', 0, 1, 0, '2018-12-08 11:43:13', '0000-00-00 00:00:00', 0, 0),
(74, 'S', 'Cash', '0', '2018-12-10', 0, 1, 0, '2018-12-10 14:24:50', '0000-00-00 00:00:00', 0, 0),
(75, 'S', 'Credit', '3', '2018-12-10', 0, 1, 0, '2018-12-10 14:24:50', '0000-00-00 00:00:00', 0, 0),
(76, 'S', 'Cash', '0', '2018-12-10', 0, 1, 0, '2018-12-10 17:56:51', '0000-00-00 00:00:00', 0, 0),
(77, 'S', 'Credit', '6', '2018-12-10', 0, 1, 0, '2018-12-10 17:56:51', '0000-00-00 00:00:00', 0, 0),
(78, 'S', 'Cash', '0', '2018-12-10', 0, 1, 0, '2018-12-10 17:56:52', '0000-00-00 00:00:00', 0, 0),
(79, 'S', 'Credit', '6', '2018-12-10', 0, 1, 0, '2018-12-10 17:56:52', '0000-00-00 00:00:00', 0, 0),
(80, 'S', 'Cash', '0', '2018-12-10', 0, 1, 0, '2018-12-10 17:57:04', '0000-00-00 00:00:00', 0, 0),
(81, 'S', 'Credit', '6', '2018-12-10', 0, 1, 0, '2018-12-10 17:57:04', '0000-00-00 00:00:00', 0, 0),
(82, 'S', 'Cash', '0', '2018-12-11', 0, 1, 0, '2018-12-11 09:19:56', '0000-00-00 00:00:00', 0, 0),
(83, 'S', 'Cash', '0', '2018-12-17', 0, 1, 0, '2018-12-17 14:58:07', '0000-00-00 00:00:00', 0, 0),
(84, 'S', 'Credit', '9', '2018-12-17', 0, 1, 0, '2018-12-17 14:58:07', '0000-00-00 00:00:00', 0, 0),
(85, 'S', 'Cash', '1', '2018-12-18', 0, 1, 0, '2018-12-17 15:06:28', '0000-00-00 00:00:00', 0, 0),
(86, 'S', 'Credit', '0', '2018-12-18', 0, 1, 0, '2018-12-17 15:06:28', '0000-00-00 00:00:00', 0, 0),
(87, 'S', 'Cash', '0', '2018-12-19', 0, 1, 0, '2018-12-19 16:56:24', '0000-00-00 00:00:00', 0, 0);

-- --------------------------------------------------------

--
-- Table structure for table `k_pumps`
--

CREATE TABLE `k_pumps` (
  `pump_id` int(11) NOT NULL,
  `pump` varchar(100) NOT NULL,
  `pump_name` varchar(100) NOT NULL,
  `createdBy` int(11) NOT NULL,
  `createdDate` datetime NOT NULL,
  `modiBy` int(11) NOT NULL,
  `modiDate` datetime NOT NULL,
  `InActive` int(11) NOT NULL,
  `status` int(11) NOT NULL
) ENGINE=InnoDB DEFAULT CHARSET=latin1;

--
-- Dumping data for table `k_pumps`
--

INSERT INTO `k_pumps` (`pump_id`, `pump`, `pump_name`, `createdBy`, `createdDate`, `modiBy`, `modiDate`, `InActive`, `status`) VALUES
(1, 'P1', 'PUMP 1', 1, '2018-09-08 09:12:08', 0, '0000-00-00 00:00:00', 0, 0),
(2, 'P2', 'PUMP 2', 1, '2018-09-08 09:12:12', 0, '0000-00-00 00:00:00', 0, 0),
(3, 'P3', 'PUMP 3', 1, '2018-11-14 19:00:15', 0, '0000-00-00 00:00:00', 0, 0);

-- --------------------------------------------------------

--
-- Table structure for table `k_pump_nozzel`
--

CREATE TABLE `k_pump_nozzel` (
  `pump_id` int(11) NOT NULL,
  `tank_no` varchar(20) NOT NULL,
  `pump_no` varchar(20) NOT NULL,
  `nozzel_id` int(11) NOT NULL,
  `prod_id` int(11) NOT NULL,
  `createdBy` int(5) NOT NULL,
  `createdDate` datetime NOT NULL,
  `modiBy` int(5) NOT NULL,
  `modiDate` datetime NOT NULL,
  `InActive` tinyint(1) NOT NULL,
  `status` tinyint(1) NOT NULL
) ENGINE=InnoDB DEFAULT CHARSET=latin1;

--
-- Dumping data for table `k_pump_nozzel`
--

INSERT INTO `k_pump_nozzel` (`pump_id`, `tank_no`, `pump_no`, `nozzel_id`, `prod_id`, `createdBy`, `createdDate`, `modiBy`, `modiDate`, `InActive`, `status`) VALUES
(1, 'T1', 'P1', 1, 3, 1, '2018-11-14 19:11:22', 0, '0000-00-00 00:00:00', 0, 0),
(2, 'T1', 'P1', 2, 3, 1, '2018-11-14 19:11:22', 0, '0000-00-00 00:00:00', 0, 0),
(3, 'T2', 'P1', 3, 2, 1, '2018-11-14 19:11:22', 0, '0000-00-00 00:00:00', 0, 0),
(4, 'T2', 'P1', 4, 2, 1, '2018-11-14 19:11:22', 0, '0000-00-00 00:00:00', 0, 0),
(5, 'T3', 'P2', 7, 3, 1, '2018-11-14 19:11:54', 0, '0000-00-00 00:00:00', 0, 0),
(6, 'T3', 'P2', 8, 3, 1, '2018-11-14 19:11:54', 0, '0000-00-00 00:00:00', 0, 0),
(7, 'T2', 'P2', 5, 2, 1, '2018-11-14 19:11:54', 0, '0000-00-00 00:00:00', 0, 0),
(8, 'T2', 'P2', 6, 2, 1, '2018-11-14 19:11:54', 0, '0000-00-00 00:00:00', 0, 0),
(9, 'T4', 'P3', 9, 1, 1, '2018-11-14 19:12:12', 0, '0000-00-00 00:00:00', 0, 0),
(10, 'T4', 'P3', 10, 1, 1, '2018-11-14 19:12:12', 0, '0000-00-00 00:00:00', 0, 0);

-- --------------------------------------------------------

--
-- Table structure for table `k_purchase`
--

CREATE TABLE `k_purchase` (
  `pur_id` int(11) NOT NULL,
  `p_no` varchar(20) NOT NULL,
  `check_point` varchar(20) NOT NULL,
  `check_desc` text NOT NULL,
  `invoice` varchar(20) NOT NULL,
  `pur_date` date NOT NULL,
  `ship_party` varchar(20) NOT NULL,
  `sold_party` varchar(20) NOT NULL,
  `ship_doc` varchar(20) NOT NULL,
  `delevery_no` varchar(20) NOT NULL,
  `by_road` varchar(20) NOT NULL,
  `trans_code` varchar(20) NOT NULL,
  `seal` varchar(20) NOT NULL,
  `vat` float NOT NULL,
  `bounding` float NOT NULL,
  `tot_amt` float NOT NULL,
  `createdDate` date NOT NULL,
  `createdBy` varchar(30) NOT NULL,
  `createdID` varchar(30) NOT NULL,
  `modifiedDate` date NOT NULL,
  `modifiedBy` varchar(20) NOT NULL,
  `modifiedID` varchar(20) NOT NULL,
  `InActive` tinyint(5) NOT NULL,
  `status` tinyint(5) NOT NULL
) ENGINE=InnoDB DEFAULT CHARSET=latin1;

-- --------------------------------------------------------

--
-- Table structure for table `k_pur_product`
--

CREATE TABLE `k_pur_product` (
  `p_product_id` int(11) NOT NULL,
  `pur_date` date NOT NULL,
  `p_product_no` varchar(20) NOT NULL,
  `pur_id` int(11) NOT NULL,
  `product_qty` float NOT NULL,
  `prod_desc` varchar(350) NOT NULL,
  `modiBy` int(11) NOT NULL,
  `modiDate` datetime NOT NULL,
  `inactive` tinyint(5) NOT NULL,
  `status` tinyint(5) NOT NULL
) ENGINE=InnoDB DEFAULT CHARSET=latin1;

-- --------------------------------------------------------

--
-- Table structure for table `k_recovery`
--

CREATE TABLE `k_recovery` (
  `recovery_id` int(11) NOT NULL,
  `date` date NOT NULL,
  `organization` varchar(255) NOT NULL,
  `cust_name` varchar(255) NOT NULL,
  `re_type` varchar(255) NOT NULL,
  `pend_amt` tinyint(4) NOT NULL,
  `paid_amt` double NOT NULL,
  `bala_amt` tinyint(4) NOT NULL,
  `des` varchar(255) NOT NULL,
  `indent_no` int(20) NOT NULL,
  `createdDate` datetime NOT NULL,
  `createdBy` int(20) NOT NULL,
  `createdID` int(20) NOT NULL,
  `modiDate` datetime DEFAULT NULL,
  `modiBy` int(20) NOT NULL,
  `modifiedID` int(20) NOT NULL,
  `InActive` tinyint(5) NOT NULL,
  `status` tinyint(5) NOT NULL
) ENGINE=InnoDB DEFAULT CHARSET=latin1;

--
-- Dumping data for table `k_recovery`
--

INSERT INTO `k_recovery` (`recovery_id`, `date`, `organization`, `cust_name`, `re_type`, `pend_amt`, `paid_amt`, `bala_amt`, `des`, `indent_no`, `createdDate`, `createdBy`, `createdID`, `modiDate`, `modiBy`, `modifiedID`, `InActive`, `status`) VALUES
(1, '2018-12-17', '4', 'sukumar', 'Cash', 0, 10, -10, 'asd', 0, '2018-12-17 14:58:07', 1, 0, NULL, 0, 0, 0, 0),
(2, '2018-12-17', '1', 'pavan kumar reddy', 'Bank', 0, 20, -20, 'dsa', 0, '2018-12-17 14:58:07', 1, 0, NULL, 0, 0, 0, 0),
(3, '2018-12-18', '18', 'sandeep', 'Cash', 0, 120, -120, 'testing rec', 0, '2018-12-17 15:11:22', 1, 0, NULL, 0, 0, 0, 0),
(4, '2018-12-18', '21', 'ravi reddy', 'Bank', 0, 100, -100, 'testing bank', 0, '2018-12-17 15:11:22', 1, 0, NULL, 0, 0, 0, 0),
(5, '2018-12-19', '1', 'pavan kumar reddy', 'Cash', -20, 11, -31, '[', 0, '2018-12-19 16:56:24', 1, 0, NULL, 0, 0, 0, 0);

-- --------------------------------------------------------

--
-- Table structure for table `k_sale_product`
--

CREATE TABLE `k_sale_product` (
  `s_prd_id` int(11) NOT NULL,
  `s_pro_date` date NOT NULL,
  `s_product_name` varchar(30) NOT NULL,
  `sale_amt_id` int(11) NOT NULL,
  `sale_type` varchar(50) NOT NULL,
  `org_name` varchar(50) NOT NULL,
  `s_pro_qty` float NOT NULL,
  `s_pro_rate` float NOT NULL,
  `s_emp_rate` float NOT NULL,
  `s_pro_amt` float NOT NULL,
  `s_emp_id` int(11) NOT NULL,
  `createdBy` int(11) NOT NULL,
  `createdDate` datetime NOT NULL,
  `modiBy` int(11) NOT NULL,
  `modiDate` datetime NOT NULL,
  `status` tinyint(5) NOT NULL,
  `InActive` tinyint(5) NOT NULL
) ENGINE=InnoDB DEFAULT CHARSET=latin1;

--
-- Dumping data for table `k_sale_product`
--

INSERT INTO `k_sale_product` (`s_prd_id`, `s_pro_date`, `s_product_name`, `sale_amt_id`, `sale_type`, `org_name`, `s_pro_qty`, `s_pro_rate`, `s_emp_rate`, `s_pro_amt`, `s_emp_id`, `createdBy`, `createdDate`, `modiBy`, `modiDate`, `status`, `InActive`) VALUES
(1, '2018-12-11', '1', 82, 'Cash', '0', 4, 30, 70, 120, 4, 1, '2018-12-11 09:19:56', 0, '0000-00-00 00:00:00', 0, 0),
(2, '2018-12-17', '2', 84, 'Cash', '0', 4, 21, 21, 84, 4, 1, '2018-12-17 14:58:07', 0, '0000-00-00 00:00:00', 0, 0),
(3, '2018-12-17', '1', 84, 'Credit', '9', 2, 30, 30, 60, 4, 1, '2018-12-17 14:58:07', 0, '0000-00-00 00:00:00', 0, 0),
(4, '2018-12-18', '2', 86, 'Cash', '1', 1, 21, 22, 21, 5, 1, '2018-12-17 15:06:28', 0, '0000-00-00 00:00:00', 0, 0),
(5, '2018-12-18', '1', 86, 'Credit', '0', 2, 30, 2, 60, 3, 1, '2018-12-17 15:06:28', 0, '0000-00-00 00:00:00', 0, 0),
(6, '2018-12-19', '2', 87, 'Cash', '0', 4, 21, 21, 84, 3, 1, '2018-12-19 16:56:24', 0, '0000-00-00 00:00:00', 0, 0);

-- --------------------------------------------------------

--
-- Table structure for table `k_sale_tank`
--

CREATE TABLE `k_sale_tank` (
  `sale_id` int(11) NOT NULL,
  `date` date NOT NULL,
  `s_tank` varchar(20) NOT NULL,
  `sub_total` float NOT NULL,
  `testing` float NOT NULL,
  `createdDate` date NOT NULL,
  `createdBy` varchar(30) NOT NULL,
  `createdID` varchar(20) NOT NULL,
  `modifiedDate` date NOT NULL,
  `modifiedBy` varchar(30) NOT NULL,
  `InActive` tinyint(5) NOT NULL,
  `status` tinyint(5) NOT NULL
) ENGINE=InnoDB DEFAULT CHARSET=latin1;

-- --------------------------------------------------------

--
-- Table structure for table `k_stock`
--

CREATE TABLE `k_stock` (
  `stock_id` int(11) NOT NULL,
  `stock_date` date NOT NULL,
  `stock_tank` varchar(50) NOT NULL,
  `prod_id` int(11) NOT NULL,
  `open_stock` float NOT NULL,
  `receipt` float NOT NULL,
  `total_stk` float NOT NULL,
  `meter_sale` float NOT NULL,
  `close_stock` float NOT NULL,
  `dip_reading` float NOT NULL,
  `dip_stock` float NOT NULL,
  `stk_variation` float NOT NULL,
  `stock_dump` tinytext NOT NULL,
  `lastcls_stk` float NOT NULL,
  `createdBy` varchar(20) NOT NULL,
  `createdID` int(20) NOT NULL,
  `modifiedBy` varchar(20) NOT NULL,
  `modifiedID` int(20) NOT NULL,
  `createdDate` datetime NOT NULL,
  `modiDate` datetime NOT NULL,
  `InActive` tinyint(5) NOT NULL,
  `status` tinyint(5) NOT NULL
) ENGINE=InnoDB DEFAULT CHARSET=latin1;

--
-- Dumping data for table `k_stock`
--

INSERT INTO `k_stock` (`stock_id`, `stock_date`, `stock_tank`, `prod_id`, `open_stock`, `receipt`, `total_stk`, `meter_sale`, `close_stock`, `dip_reading`, `dip_stock`, `stk_variation`, `stock_dump`, `lastcls_stk`, `createdBy`, `createdID`, `modifiedBy`, `modifiedID`, `createdDate`, `modiDate`, `InActive`, `status`) VALUES
(1, '2018-12-17', 'T1', 3, 0, 75, 75, 164, -89, 8, 209.4, 298.4, '', 0, '1', 0, '', 0, '2018-12-17 14:58:06', '0000-00-00 00:00:00', 0, 0),
(2, '2018-12-17', 'T2', 2, 0, 78, 78, 335, -257, 87, 4417.23, 4674.23, '', 0, '1', 0, '', 0, '2018-12-17 14:58:06', '0000-00-00 00:00:00', 0, 0),
(3, '2018-12-17', 'T3', 3, 0, 900, 900, 175, 725, 75, 5345.83, 4620.83, '', 0, '1', 0, '', 0, '2018-12-17 14:58:06', '0000-00-00 00:00:00', 0, 0),
(4, '2018-12-17', 'T4', 1, 0, 500, 500, 135, 365, 52, 2186.01, 1821.01, '', 0, '1', 0, '', 0, '2018-12-17 14:58:06', '0000-00-00 00:00:00', 0, 0),
(5, '2018-12-19', 'T1', 3, 0, 74, 74, 8, 66, 74, 5249.76, 5183.76, '', 0, '1', 0, '', 0, '2018-12-19 16:56:23', '0000-00-00 00:00:00', 0, 0),
(6, '2018-12-19', 'T2', 2, 0, 74, 74, 19, 55, 85, 4283.84, 4228.84, '', 0, '1', 0, '', 0, '2018-12-19 16:56:23', '0000-00-00 00:00:00', 0, 0),
(7, '2018-12-19', 'T3', 3, 0, 74, 74, 8, 66, 88, 6614.26, 6548.26, '', 0, '1', 0, '', 0, '2018-12-19 16:56:23', '0000-00-00 00:00:00', 0, 0),
(8, '2018-12-19', 'T4', 1, 0, 4000, 4000, 11, 3989, 88, 4484.07, 495.07, '', 0, '1', 0, '', 0, '2018-12-19 16:56:23', '0000-00-00 00:00:00', 0, 0);

-- --------------------------------------------------------

--
-- Table structure for table `k_stock1`
--

CREATE TABLE `k_stock1` (
  `stock_id` int(11) NOT NULL,
  `stock_date` date NOT NULL,
  `stock_tank` varchar(50) NOT NULL,
  `prod_id` int(11) NOT NULL,
  `lastcls_stk` float NOT NULL,
  `dip_reading` float NOT NULL,
  `stock` float NOT NULL,
  `stk_variation` float NOT NULL,
  `stock_dump` tinytext NOT NULL,
  `createdBy` varchar(20) NOT NULL,
  `createdDate` datetime DEFAULT NULL,
  `modiDate` datetime DEFAULT NULL,
  `createdID` int(20) NOT NULL,
  `modifiedBy` varchar(20) NOT NULL,
  `modifiedID` int(20) NOT NULL,
  `InActive` tinyint(5) NOT NULL,
  `status` tinyint(5) NOT NULL
) ENGINE=InnoDB DEFAULT CHARSET=latin1;

--
-- Dumping data for table `k_stock1`
--

INSERT INTO `k_stock1` (`stock_id`, `stock_date`, `stock_tank`, `prod_id`, `lastcls_stk`, `dip_reading`, `stock`, `stk_variation`, `stock_dump`, `createdBy`, `createdDate`, `modiDate`, `createdID`, `modifiedBy`, `modifiedID`, `InActive`, `status`) VALUES
(1, '2018-12-08', 'T1', 3, 0, 54, 3399.89, 3399.89, '', '1', NULL, NULL, 0, '', 0, 0, 0),
(2, '2018-12-08', 'T2', 2, 0, 546, 0, 0, '', '1', NULL, NULL, 0, '', 0, 0, 0),
(3, '2018-12-08', 'T3', 3, 0, 5, 103.94, 103.94, '', '1', NULL, NULL, 0, '', 0, 0, 0),
(4, '2018-12-08', 'T4', 1, 0, 4, 50.5, 50.5, '', '1', NULL, NULL, 0, '', 0, 0, 0);

-- --------------------------------------------------------

--
-- Table structure for table `k_stock_purdetails`
--

CREATE TABLE `k_stock_purdetails` (
  `purstock_id` int(11) NOT NULL,
  `stock_id` int(11) NOT NULL,
  `purstcok_dt` datetime NOT NULL DEFAULT CURRENT_TIMESTAMP ON UPDATE CURRENT_TIMESTAMP,
  `purstcok_tank` varchar(10) NOT NULL,
  `purstcok_prod` tinyint(3) NOT NULL,
  `purstcok_qunt` int(11) NOT NULL,
  `bef_dip` float NOT NULL,
  `bef_stock` float NOT NULL,
  `aft_dip` float NOT NULL,
  `aft_stock` float NOT NULL,
  `meter_sale` float NOT NULL,
  `stock_diff` float NOT NULL,
  `invoice` varchar(20) NOT NULL,
  `createdBy` varchar(100) NOT NULL,
  `createdDate` datetime NOT NULL,
  `modiBy` varchar(100) NOT NULL,
  `modiDate` datetime NOT NULL,
  `InActive` int(11) NOT NULL,
  `status` int(11) NOT NULL
) ENGINE=InnoDB DEFAULT CHARSET=latin1;

-- --------------------------------------------------------

--
-- Table structure for table `k_swipecash`
--

CREATE TABLE `k_swipecash` (
  `swp_id` int(11) NOT NULL,
  `swp_date` date NOT NULL,
  `swp_batchno` varchar(255) NOT NULL,
  `swp_pump` varchar(10) NOT NULL,
  `swp_empid` int(11) NOT NULL,
  `swp_salecash` float NOT NULL,
  `swp_bank` varchar(30) NOT NULL,
  `swp_amt` float NOT NULL,
  `swp_des` varchar(255) NOT NULL,
  `remaning_amt` float NOT NULL,
  `createdBy` varchar(10) NOT NULL,
  `createdDate` datetime NOT NULL,
  `modiBy` varchar(10) NOT NULL,
  `modiDate` datetime NOT NULL,
  `InActive` int(11) NOT NULL,
  `status` int(11) NOT NULL
) ENGINE=InnoDB DEFAULT CHARSET=latin1;

--
-- Dumping data for table `k_swipecash`
--

INSERT INTO `k_swipecash` (`swp_id`, `swp_date`, `swp_batchno`, `swp_pump`, `swp_empid`, `swp_salecash`, `swp_bank`, `swp_amt`, `swp_des`, `remaning_amt`, `createdBy`, `createdDate`, `modiBy`, `modiDate`, `InActive`, `status`) VALUES
(1, '2018-12-17', '12po', '', 5, 0, 'BPCL POS', 150, 'qwer', 0, '1', '2018-12-17 14:58:07', '', '0000-00-00 00:00:00', 0, 0),
(2, '2018-12-17', '14yui', '', 4, 0, 'ICICI POS', 250, 'ewq', 0, '1', '2018-12-17 14:58:07', '', '0000-00-00 00:00:00', 0, 0),
(3, '2018-12-18', '12mn', '', 6, 0, 'BPCL POS', 120, 'lkj', 0, '1', '2018-12-17 15:07:25', '', '0000-00-00 00:00:00', 0, 0),
(4, '2018-12-18', '21we', '', 1, 0, 'ICICI POS', 150, 'testing', 0, '1', '2018-12-17 15:07:25', '', '0000-00-00 00:00:00', 0, 0),
(5, '2018-12-19', '74', '', 6, 0, 'BPCL POS', 744, 'ok', 0, '1', '2018-12-19 16:56:24', '', '0000-00-00 00:00:00', 0, 0);

-- --------------------------------------------------------

--
-- Table structure for table `k_tank`
--

CREATE TABLE `k_tank` (
  `tank_id` int(11) NOT NULL,
  `tank_no` varchar(20) NOT NULL,
  `tank_name` varchar(20) NOT NULL,
  `tank_cap` varchar(20) NOT NULL,
  `product` varchar(30) NOT NULL,
  `createdBy` int(11) NOT NULL,
  `createdDate` datetime NOT NULL,
  `modiBy` int(11) NOT NULL,
  `modiDate` datetime NOT NULL,
  `InActive` tinyint(5) NOT NULL,
  `status` tinyint(5) NOT NULL
) ENGINE=InnoDB DEFAULT CHARSET=latin1;

--
-- Dumping data for table `k_tank`
--

INSERT INTO `k_tank` (`tank_id`, `tank_no`, `tank_name`, `tank_cap`, `product`, `createdBy`, `createdDate`, `modiBy`, `modiDate`, `InActive`, `status`) VALUES
(1, 'T1', 'Tank 1', '15KL', '3', 1, '2018-11-14 18:49:10', 0, '0000-00-00 00:00:00', 0, 0),
(2, 'T2', 'Tank 2', '10KL', '2', 1, '2018-11-14 18:54:21', 0, '0000-00-00 00:00:00', 0, 0),
(3, 'T3', 'Tank 3', '15KL', '3', 1, '2018-11-14 18:54:48', 0, '0000-00-00 00:00:00', 0, 0),
(4, 'T4', 'Tank 4', '10KL', '1', 1, '2018-11-14 18:55:26', 0, '0000-00-00 00:00:00', 0, 0);

-- --------------------------------------------------------

--
-- Table structure for table `k_vendors`
--

CREATE TABLE `k_vendors` (
  `vend_id` int(11) NOT NULL,
  `vend_compname` varchar(255) NOT NULL,
  `vend_compphn` varchar(100) NOT NULL,
  `vend_altphn` varchar(100) NOT NULL,
  `vend_compemail` varchar(255) NOT NULL,
  `vend_compacc` varchar(100) NOT NULL,
  `vend_compaddress` varchar(255) NOT NULL,
  `vend_dat` datetime NOT NULL,
  `createdBy` int(11) NOT NULL,
  `createdDate` datetime NOT NULL,
  `modiBy` int(11) NOT NULL,
  `modiDate` datetime NOT NULL,
  `InActive` int(11) NOT NULL,
  `status` int(11) NOT NULL
) ENGINE=InnoDB DEFAULT CHARSET=latin1;

-- --------------------------------------------------------

--
-- Table structure for table `k_vendortrans`
--

CREATE TABLE `k_vendortrans` (
  `trans_id` int(11) NOT NULL,
  `vend_id` int(11) NOT NULL,
  `trans_dt` datetime NOT NULL,
  `trans_type` varchar(100) NOT NULL,
  `trans_amnt` float NOT NULL,
  `trans_accno` varchar(100) NOT NULL,
  `trans_desc` varchar(255) NOT NULL,
  `createdBy` int(11) NOT NULL,
  `createdDate` datetime NOT NULL,
  `modiBy` int(11) NOT NULL,
  `modiDate` datetime NOT NULL,
  `InActive` int(11) NOT NULL,
  `status` int(11) NOT NULL
) ENGINE=InnoDB DEFAULT CHARSET=latin1;

-- --------------------------------------------------------

--
-- Table structure for table `logfile`
--

CREATE TABLE `logfile` (
  `logid` bigint(11) NOT NULL,
  `user_id` varchar(25) NOT NULL,
  `module` varchar(50) NOT NULL,
  `event` varchar(10) NOT NULL,
  `ipaddress` varchar(25) NOT NULL,
  `value` text NOT NULL,
  `date_time` datetime NOT NULL
) ENGINE=MyISAM DEFAULT CHARSET=latin1;

--
-- Dumping data for table `logfile`
--

INSERT INTO `logfile` (`logid`, `user_id`, `module`, `event`, `ipaddress`, `value`, `date_time`) VALUES
(1, '00001', 'Pages', 'INSERT', '::1', 'Update Tank', '2018-02-05 12:44:24'),
(2, '00001', 'Pages', 'INSERT', '::1', 'Delete Tank', '2018-02-05 12:47:43'),
(3, '00001', 'Pages', 'INSERT', '::1', 'View Tank', '2018-02-05 12:59:16'),
(4, '00001', 'Pages', 'INSERT', '::1', 'Print Tank', '2018-02-05 01:01:11'),
(5, '00001', 'Pages', 'INSERT', '::1', 'Approve Tank', '2018-02-05 01:04:21'),
(6, '00001', 'Pages', 'INSERT', '::1', 'Buttons Tank', '2018-02-05 01:05:20'),
(7, '00001', 'Pages', 'INSERT', '::1', 'Access to Employee Master', '2018-02-05 01:08:00'),
(8, '00001', 'Pages', 'INSERT', '::1', 'Add Employee Master', '2018-02-05 01:08:23'),
(9, '00001', 'Pages', 'INSERT', '::1', 'Update Employee Master', '2018-02-05 01:11:15'),
(10, '00001', 'Pages', 'INSERT', '::1', 'Delete Employee Master', '2018-02-05 01:12:00'),
(11, '00001', 'Pages', 'INSERT', '::1', 'View Employee Master', '2018-02-05 01:15:09'),
(12, '00001', 'Pages', 'INSERT', '::1', 'Print Employee Master', '2018-02-05 01:15:49'),
(13, '00001', 'Pages', 'INSERT', '::1', 'Approve Employee Master', '2018-02-05 01:16:32'),
(14, '00001', 'Pages', 'INSERT', '::1', 'Buttons Employee Master', '2018-02-05 01:16:54'),
(15, '00001', 'Pages', 'INSERT', '::1', 'Access to Sale', '2018-02-05 02:56:59'),
(16, '00001', 'Pages', 'INSERT', '::1', 'Add Sale', '2018-02-05 02:57:15'),
(17, '00001', 'Pages', 'INSERT', '::1', 'Update Sale', '2018-02-05 02:57:53'),
(18, '00001', 'Pages', 'INSERT', '::1', 'Delete Sale', '2018-02-05 02:58:12'),
(19, '00001', 'Pages', 'INSERT', '::1', 'View Sale', '2018-02-05 02:58:43'),
(20, '00001', 'Pages', 'INSERT', '::1', 'Print Sale', '2018-02-05 02:59:10'),
(21, '00001', 'Pages', 'INSERT', '::1', 'Approve Sale', '2018-02-05 02:59:27'),
(22, '00001', 'Pages', 'INSERT', '::1', 'Buttons Sale', '2018-02-05 03:01:00'),
(23, '00001', 'tank', 'INSERT', '::1', 'ghjghj', '2018-02-07 12:41:09'),
(24, '00001', 'tank', 'INSERT', '::1', 'ghfgh', '2018-02-07 03:24:03'),
(25, '00001', 'tank', 'INSERT', '::1', 'dfghdfg', '2018-02-07 03:25:44'),
(26, '00001', 'emp_master', 'INSERT', '::1', 'dfsgsdf', '2018-02-07 03:45:40'),
(27, '00001', 'tank', 'INSERT', '::1', 'Tank1', '2018-02-07 05:19:56'),
(28, '00001', 'emp_master', 'INSERT', '::1', 'Raju', '2018-02-08 12:11:52'),
(29, '00001', 'tank', 'INSERT', '::1', 'Tank2', '2018-02-09 10:38:36'),
(30, '00001', 'tank', 'INSERT', '::1', 'Tank1', '2018-02-10 11:50:48'),
(31, '00001', 'purchase', 'INSERT', '::1', 'Select1', '2018-02-10 03:21:47'),
(32, '00001', 'purchase', 'INSERT', '::1', 'Select1', '2018-02-10 03:26:59'),
(33, '00001', 'purchase', 'INSERT', '::1', 'Select2', '2018-02-10 03:37:15'),
(34, '00001', 'purchase', 'INSERT', '::1', 'Select1', '2018-02-10 03:39:50'),
(35, '00001', 'Company Information', 'INSERT', '::1', '0', '2018-02-10 07:47:54'),
(36, '00001', 'Company Information', 'INSERT', '::1', '0', '2018-02-10 07:51:31'),
(37, '00001', 'Company Information', 'INSERT', '::1', '0', '2018-02-10 07:51:34'),
(38, '00001', 'Company Information', 'INSERT', '::1', '0', '2018-02-10 07:54:00'),
(39, '00001', 'Company Information', 'INSERT', '::1', '0', '2018-02-10 07:57:14'),
(40, '00001', 'emp_master', 'INSERT', '::1', 'pawan', '2018-02-12 11:24:46'),
(41, '00001', 'sale_stock', 'INSERT', '::1', '2018-02-13', '2018-02-12 12:42:48'),
(42, '00001', 'sale_stock', 'INSERT', '::1', '2018-02-13', '2018-02-12 12:43:05'),
(43, '00001', 'sale_stock', 'INSERT', '::1', '2018-02-20', '2018-02-12 12:45:42'),
(44, '00001', 'sale_stock', 'INSERT', '::1', '2018-02-21', '2018-02-12 12:46:04'),
(45, '00001', 'recovery', 'INSERT', '::1', '2018-02-13', '2018-02-12 02:24:08'),
(46, '00001', 'recovery', 'INSERT', '::1', '2018-02-20', '2018-02-12 02:24:53'),
(47, '00001', 'recovery', 'INSERT', '::1', '2018-02-20', '2018-02-12 02:25:26'),
(48, '00001', 'sale_stock', 'INSERT', '::1', '2018-02-20', '2018-02-12 05:32:23'),
(49, '00001', 'recovery', 'INSERT', '::1', '2018-02-07', '2018-02-12 05:32:58'),
(50, '00001', 'Company Information', 'INSERT', '::1', '0', '2018-02-12 08:04:54'),
(51, '00001', 'sale_stock', 'INSERT', '::1', '2018-02-13', '2018-02-12 06:09:13'),
(52, '00001', 'Company Information', 'INSERT', '::1', '0', '2018-02-12 08:42:21'),
(53, '00001', 'tank', 'INSERT', '::1', 'tank2', '2018-02-12 06:13:02'),
(54, '00001', 'pump', 'INSERT', '::1', 'Select1', '2018-02-13 11:39:59'),
(55, '00001', 'pump', 'INSERT', '::1', 'Select1', '2018-02-13 11:41:30'),
(56, '00001', 'pump', 'INSERT', '::1', 'Select3', '2018-02-13 11:41:36'),
(57, '00001', 'pump', 'INSERT', '::1', 'Select3', '2018-02-13 11:41:53'),
(58, '00001', 'pump', 'INSERT', '::1', 'Select2', '2018-02-13 11:43:43'),
(59, '00001', 'pump', 'INSERT', '::1', 'Select3', '2018-02-13 11:43:57'),
(60, '00001', 'pump', 'INSERT', '::1', 'Select3', '2018-02-13 11:48:44'),
(61, '00001', 'pump', 'INSERT', '::1', 'Select3', '2018-02-13 11:49:29'),
(62, '00001', 'pump', 'INSERT', '::1', 'Select2', '2018-02-13 11:59:44'),
(63, '00001', 'tank', 'INSERT', '::1', '1', '2018-02-13 12:05:24'),
(64, '00001', 'pump', 'INSERT', '::1', 'Select3', '2018-02-13 12:18:11'),
(65, '00001', 'pump', 'INSERT', '::1', 'Select3', '2018-02-13 12:21:48'),
(66, '00001', 'pump', 'INSERT', '::1', 'Select2', '2018-02-13 12:22:00'),
(67, '00001', 'tank', 'INSERT', '::1', '1', '2018-02-13 01:11:23'),
(68, '00001', 'tank', 'INSERT', '::1', '4', '2018-02-13 01:12:02'),
(69, '00001', 'purchase', 'INSERT', '::1', '1', '2018-02-16 11:56:17'),
(70, '00001', 'tank', 'INSERT', '::1', 'Tank 1', '2018-02-17 11:31:50'),
(71, '00001', 'tank', 'INSERT', '::1', 'Tank 1', '2018-02-17 11:33:46'),
(72, '00001', 'tank', 'INSERT', '::1', 'Tank 2', '2018-02-17 11:35:33'),
(73, '00001', 'tank', 'INSERT', '::1', 'Tank 3', '2018-02-17 11:39:37'),
(74, '00001', 'tank', 'INSERT', '::1', 'Tank 4', '2018-02-17 11:40:18'),
(75, '00001', 'Company Information', 'INSERT', '::1', '0', '2018-02-18 01:57:17'),
(76, '00001', 'Company Information', 'INSERT', '::1', '0', '2018-02-18 02:22:47'),
(77, '00001', 'Company Information', 'INSERT', '::1', '0', '2018-02-18 09:20:04'),
(78, '00001', 'Company Information', 'INSERT', '::1', '0', '2018-02-18 09:21:27'),
(79, '00001', 'Company Information', 'INSERT', '103.217.238.38', '0', '2018-02-28 08:38:39'),
(80, '00001', 'purchase', 'INSERT', '103.217.238.38', '1', '2018-03-03 02:23:17'),
(81, '00001', 'purchase', 'INSERT', '103.217.238.38', '1', '2018-03-03 05:22:43'),
(82, '00001', 'tank', 'INSERT', '103.217.238.38', 'Tank 5', '2018-03-03 05:31:22'),
(83, '00001', 'emp_master', 'INSERT', '103.217.238.38', 'dfgfdg', '2018-03-03 05:55:10'),
(84, '00001', 'sale_stock', 'INSERT', '103.217.238.38', '2018-03-03', '2018-03-03 06:06:14'),
(85, '00001', 'Company Information', 'INSERT', '103.217.238.38', '0', '2018-03-11 03:30:02'),
(86, '00001', 'purchase', 'INSERT', '103.217.238.38', '1', '2018-03-13 06:21:21'),
(87, '00001', 'emp_master', 'INSERT', '103.217.238.38', 'Balu', '2018-03-23 12:20:55'),
(88, '00001', 'emp_master', 'INSERT', '103.217.238.38', 'Tirumalaya', '2018-03-26 11:52:47'),
(89, '00001', 'emp_master', 'INSERT', '103.217.238.38', 'Nagarjuna', '2018-03-26 11:53:14'),
(90, '00001', 'emp_master', 'INSERT', '103.217.238.38', 'Subu', '2018-03-26 11:53:35'),
(91, '00001', 'emp_master', 'INSERT', '103.217.238.38', 'prashanth', '2018-03-26 11:54:04'),
(92, '00001', 'emp_master', 'INSERT', '103.217.238.38', 'Hemadri', '2018-03-26 11:54:31'),
(93, '00001', 'emp_master', 'INSERT', '103.217.238.38', 'Venkatesh', '2018-03-26 11:54:53'),
(94, '00001', 'emp_master', 'INSERT', '103.217.238.38', 'Ravi', '2018-03-26 11:55:07'),
(95, '00001', 'emp_master', 'INSERT', '103.217.238.38', 'Kiran', '2018-03-26 11:55:19'),
(96, '00001', 'emp_master', 'INSERT', '103.217.238.38', 'Santhosh', '2018-03-26 11:55:37'),
(97, '00001', 'emp_master', 'INSERT', '103.217.238.38', 'Pradeep', '2018-03-26 11:55:54'),
(98, '00001', 'emp_master', 'INSERT', '103.217.238.38', 'Siva', '2018-03-26 11:56:07'),
(99, '00001', 'emp_master', 'INSERT', '103.217.238.38', 'Reddeppa', '2018-03-26 12:09:40'),
(100, '00001', 'emp_master', 'INSERT', '103.217.238.38', 'None', '2018-03-26 12:25:53'),
(101, '1', 'emp_master', 'INSERT', '117.218.235.62', 'shakar', '2018-04-11 06:44:40'),
(102, '1', 'Pages', 'INSERT', '103.217.238.38', 'view stock variation', '2018-06-02 07:53:36'),
(103, '1', 'User Roles', 'INSERT', '103.217.238.38', 'Admin Reports', '2018-06-07 06:13:29'),
(104, '1', 'swipe Name', 'DELETE', '103.217.238.38', '544', '2018-07-16 05:58:20'),
(105, '1', 'sale_stock', 'INSERT', '::1', 'Tanks Openstock', '2018-08-10 06:08:31'),
(106, '1', 'sale_stock', 'INSERT', '::1', 'Tanks Openstock', '2018-08-10 06:23:32'),
(107, '1', 'sale_stock', 'INSERT', '::1', 'Tanks Openstock', '2018-08-10 06:25:01'),
(108, '1', 'emp_master', 'INSERT', '::1', 'swamy', '2018-08-10 04:05:08'),
(109, '1', 'emp_master', 'UPDATED', '::1', '0', '2018-08-10 04:05:28'),
(110, '1', 'emp_master', 'INSERT', '::1', 'lokesh', '2018-08-10 04:06:45'),
(111, '1', 'emp_master', 'INSERT', '::1', 'raja', '2018-08-10 04:07:12'),
(112, '1', 'emp_master', 'INSERT', '::1', 'dilip', '2018-08-10 04:07:54'),
(113, '1', 'emp_master', 'UPDATED', '::1', '0', '2018-08-10 05:49:08'),
(114, '1', 'product Name', 'DELETE', '::1', '1', '2018-08-11 12:43:23'),
(115, '1', 'emp_master', 'INSERT', '::1', 'raja', '2018-08-11 10:42:00'),
(116, '1', 'sale_stock', 'INSERT', '::1', 'Tanks Openstock', '2018-08-11 02:10:35'),
(117, '1', 'sale_stock', 'INSERT', '::1', 'Tanks Openstock', '2018-08-11 02:22:21'),
(118, '1', 'sale_stock', 'INSERT', '::1', 'Tanks Openstock', '2018-08-11 02:29:19'),
(119, '1', 'sale_stock', 'INSERT', '::1', 'Tanks Openstock', '2018-08-11 02:40:04'),
(120, '1', 'sale_stock', 'INSERT', '::1', 'Tanks Openstock', '2018-08-11 02:49:03'),
(121, '1', 'tank Name', 'DELETE', '::1', '13', '2018-08-11 02:58:05'),
(122, '1', 'emp_master', 'UPDATED', '::1', '0', '2018-08-11 01:00:19'),
(123, '1', 'emp_master Name', 'DELETE', '::1', '5', '2018-08-11 03:30:26'),
(124, '1', 'shipping_details Name', 'DELETE', '::1', '1', '2018-08-13 11:45:25'),
(125, '1', 'sale_stock', 'INSERT', '::1', 'Tanks Openstock', '2018-08-13 12:29:07'),
(126, '1', 'sale_stock', 'INSERT', '::1', 'Tanks Openstock', '2018-08-13 12:31:37'),
(127, '1', 'sale_stock', 'INSERT', '::1', 'Tanks Openstock', '2018-08-13 12:33:45'),
(128, '1', 'Pages', 'INSERT', '::1', 'add Pumps', '2018-08-14 12:14:48'),
(129, '1', 'Pages', 'INSERT', '::1', 'Edit Pumps', '2018-08-14 12:15:52'),
(130, '1', 'Pages', 'INSERT', '::1', 'Delete Pumps', '2018-08-14 12:16:13'),
(131, '1', 'Pages', 'INSERT', '::1', 'View Pumps', '2018-08-14 12:16:36'),
(132, '1', 'sale_stock', 'INSERT', '::1', 'Tanks Openstock', '2018-08-17 01:54:19'),
(133, '1', 'sale_stock', 'INSERT', '::1', 'Tanks Openstock', '2018-08-17 01:55:52'),
(134, '1', 'sale_stock', 'INSERT', '::1', 'Tanks Openstock', '2018-08-17 01:58:04'),
(135, '1', 'emp_master', 'INSERT', '::1', 'swamy', '2018-08-18 12:25:58'),
(136, '1', 'recovery Name', 'DELETE', '::1', '1', '2018-08-18 03:11:40'),
(137, '1', 'sale_stock', 'UPDATED', '::1', '0', '2018-08-18 12:44:40'),
(138, '1', 'expenses Name', 'DELETE', '::1', '2', '2018-08-18 06:01:09'),
(139, '1', 'sale_stock', 'INSERT', '::1', 'Tanks Openstock', '2018-08-18 06:09:55'),
(140, '1', 'sale_stock', 'INSERT', '::1', 'Tanks Openstock', '2018-08-20 12:45:46'),
(141, '1', 'sale_stock', 'INSERT', '::1', 'Tanks Openstock', '2018-08-20 12:46:51'),
(142, '1', 'sale_stock', 'INSERT', '::1', 'Tanks Openstock', '2018-08-23 01:52:20'),
(143, '1', 'emp_master', 'INSERT', '::1', 'l.raja', '2018-08-23 11:36:02'),
(144, '1', 'tank Name', 'DELETE', '::1', '13', '2018-08-24 04:42:52'),
(145, '1', 'emp_master', 'UPDATED', '::1', '0', '2018-08-24 02:13:13'),
(146, '1', 'emp_master Name', 'DELETE', '::1', '18', '2018-08-24 04:43:19'),
(147, '1', 'daily_sale_rate Name', 'DELETE', '::1', '415', '2018-08-24 04:44:45'),
(148, '1', 'expenses_type Name', 'DELETE', '::1', '10', '2018-08-24 04:45:38'),
(149, '1', 'swipe Name', 'DELETE', '::1', '5', '2018-08-24 06:04:13'),
(150, '1', 'emp_master', 'INSERT', '::1', 'fdhdfh', '2018-08-28 06:04:11'),
(151, '1', 'sale_stock', 'INSERT', '::1', 'Tanks Openstock', '2018-08-31 12:39:48'),
(152, '1', 'expenses_type Name', 'DELETE', '::1', '12', '2018-08-31 08:49:21'),
(153, '1', 'expenses_type Name', 'DELETE', '::1', '11', '2018-08-31 08:49:24'),
(154, '1', 'expenses_type Name', 'DELETE', '::1', '13', '2018-08-31 08:49:27'),
(155, '1', 'sale_stock', 'INSERT', '::1', 'Tanks Openstock', '2018-09-04 01:37:51'),
(156, '1', 'sale_stock', 'INSERT', '::1', 'Tanks Openstock', '2018-09-04 01:39:21'),
(157, '1', 'sale_stock', 'INSERT', '::1', 'Tanks Openstock', '2018-09-04 01:40:12'),
(158, '1', 'sale_stock', 'INSERT', '::1', 'Tanks Openstock', '2018-09-04 01:40:47'),
(159, '1', 'daily_sale_rate Name', 'DELETE', '::1', '421', '2018-09-04 01:48:45'),
(160, '1', 'sale_stock', 'INSERT', '::1', 'Tanks Openstock', '2018-09-04 02:25:58'),
(161, '1', 'sale_stock', 'INSERT', '::1', 'Tanks Openstock', '2018-09-04 02:26:26'),
(162, '1', 'sale_stock', 'INSERT', '::1', 'Tanks Openstock', '2018-09-04 02:26:43'),
(163, '1', 'expenses Name', 'DELETE', '::1', '1', '2018-09-04 07:09:12'),
(164, '1', 'expenses Name', 'DELETE', '::1', '6', '2018-09-04 07:09:38'),
(165, '1', 'tank Name', 'DELETE', '::1', '1', '2018-09-04 07:56:21'),
(166, '1', 'tank Name', 'DELETE', '::1', '2', '2018-09-04 07:56:25'),
(167, '1', 'Company Information', 'INSERT', '::1', 'AM REDDY FILLING STATIONSri Shirdi Sai filling station', '2018-09-04 08:05:44'),
(168, '1', 'Company Information', 'INSERT', '::1', 'Sri Shirdi Sai filling station', '2018-09-04 08:05:52'),
(169, '1', 'Company Information', 'INSERT', '::1', 'Sri Shirdi Sai filling station', '2018-09-08 11:25:09'),
(170, '1', 'Company Information', 'INSERT', '::1', 'Sri Shirdi Sai filling station', '2018-09-08 11:25:24'),
(171, '1', 'emp_master', 'INSERT', '::1', 'werwer', '2018-09-08 12:28:29'),
(172, '1', 'sale_stock', 'INSERT', '::1', 'Tanks Openstock', '2018-09-08 03:20:21'),
(173, '1', 'emp_master', 'INSERT', '::1', 'swamy', '2018-09-10 09:55:56'),
(174, '1', 'emp_master', 'INSERT', '::1', 'suresh', '2018-09-10 09:56:48'),
(175, '1', 'emp_master', 'INSERT', '::1', 'ramesh', '2018-09-10 09:57:38'),
(176, '1', 'daily_sale_rate Name', 'DELETE', '::1', '1', '2018-09-10 01:20:24'),
(177, '1', 'daily_sale_rate Name', 'DELETE', '::1', '1', '2018-09-10 01:31:05'),
(178, '1', 'sale_stock', 'INSERT', '::1', 'Tanks Openstock', '2018-09-10 04:54:34'),
(179, '1', 'sale_stock', 'INSERT', '::1', 'Tanks Openstock', '2018-09-10 06:02:39'),
(180, '1', 'sale_stock', 'INSERT', '::1', 'Tanks Openstock', '2018-09-10 06:05:35'),
(181, '1', 'sale_stock', 'INSERT', '::1', 'Tanks Openstock', '2018-09-10 06:08:11'),
(182, '1', 'expenses_type Name', 'DELETE', '::1', '1', '2018-09-11 01:36:25'),
(183, '1', 'emp_master', 'INSERT', '::1', 'swamy', '2018-09-11 03:55:57'),
(184, '1', 'emp_master', 'INSERT', '::1', 'ramesh', '2018-09-11 03:56:24'),
(185, '1', 'emp_master', 'INSERT', '::1', 'suresh', '2018-09-11 03:58:14'),
(186, '1', 'attendence', 'INSERT', '::1', '2018-09-11 05:30 PM', '2018-09-11 05:30:41'),
(187, '1', 'sale_stock', 'INSERT', '::1', 'Tanks Openstock', '2018-09-12 01:54:39'),
(188, '1', 'sale_stock', 'INSERT', '::1', 'Tanks Openstock', '2018-09-12 02:17:18'),
(189, '1', 'attendence', 'INSERT', '::1', '2018-09-12 12:13 PM', '2018-09-12 12:13:49'),
(190, '1', 'credit Name', 'DELETE', '::1', '1', '2018-09-14 06:52:02'),
(191, '1', 'credit Name', 'DELETE', '::1', '2', '2018-09-14 07:19:53'),
(192, '1', 'credit Name', 'DELETE', '::1', '3', '2018-09-14 07:21:19'),
(193, '1', 'recovery Name', 'DELETE', '::1', '1', '2018-09-14 07:34:48'),
(194, '1', 'credit Name', 'DELETE', '::1', '4', '2018-09-14 07:36:05'),
(195, '1', 'credit Name', 'DELETE', '::1', '5', '2018-09-14 07:49:39'),
(196, '1', 'product Name', 'DELETE', '::1', '2', '2018-09-14 07:50:40'),
(197, '1', 'product Name', 'DELETE', '::1', '1', '2018-09-15 02:03:05'),
(198, '1', 'product Name', 'DELETE', '::1', '1', '2018-09-15 03:04:35'),
(199, '1', 'product Name', 'DELETE', '::1', '3', '2018-09-15 03:09:01'),
(200, '1', 'product Name', 'DELETE', '::1', '3', '2018-09-15 03:12:38'),
(201, '1', 'product Name', 'DELETE', '::1', '4', '2018-09-15 03:13:17'),
(202, '1', 'product Name', 'DELETE', '::1', '5', '2018-09-15 05:20:22'),
(203, '1', 'Company Information', 'INSERT', '::1', 'Sri Shirdi Sai filling station', '2018-09-18 08:09:45'),
(204, '1', 'Company Information', 'INSERT', '::1', 'Sri Shirdi Sai filling station', '2018-09-18 08:12:37'),
(205, '1', 'Company Information', 'INSERT', '::1', 'Sri Shirdi Sai filling station', '2018-09-18 08:23:45'),
(206, '1', 'Company Information', 'INSERT', '::1', 'Sri Shirdi Sai filling station', '2018-09-18 08:25:13'),
(207, '1', 'sale_stock', 'INSERT', '::1', 'Tanks Openstock', '2018-09-19 02:07:05'),
(208, '1', 'sale_stock', 'INSERT', '::1', 'Tanks Openstock', '2018-09-19 03:07:13'),
(209, '1', 'sale_stock', 'INSERT', '::1', 'Tanks Openstock', '2018-09-19 03:09:58'),
(210, '1', 'daily_sale_rate Name', 'DELETE', '::1', '5', '2018-09-19 04:38:54'),
(211, '1', 'Company Information', 'INSERT', '::1', 'Sri Shirdi Sai filling station', '2018-09-19 09:28:30'),
(212, '1', 'emp_master', 'INSERT', '::1', 'dsfsdf', '2018-09-19 07:34:16'),
(213, '1', 'emp_master', 'INSERT', '::1', 'suresh', '2018-09-22 10:10:25'),
(214, '1', 'Pages', 'INSERT', '::1', 'Swipe Reports', '2018-09-22 07:36:18'),
(215, '1', 'sale_stock', 'INSERT', '::1', 'Tanks Openstock', '2018-09-24 06:00:20'),
(216, '1', 'Company Information', 'INSERT', '::1', 'SFS petro', '2018-09-25 01:25:06'),
(217, '1', 'Company Information', 'INSERT', '::1', 'SAPTHAGIRI SERVICE STATION', '2018-09-25 06:46:53'),
(218, '1', 'recovery Name', 'DELETE', '::1', '3', '2018-09-27 01:01:41'),
(219, '1', 'Company Information', 'INSERT', '::1', 'Sri Shirdi Sai filling station', '2018-09-29 01:11:27'),
(220, '1', 'Company Information', 'INSERT', '::1', 'Sri Shirdi Sai filling station', '2018-09-29 01:11:58'),
(221, '1', 'emp_master', 'UPDATED', '::1', '0', '2018-09-29 02:34:12'),
(222, '1', 'product Name', 'DELETE', '103.217.238.38', '1', '2018-10-01 11:53:29'),
(223, '1', 'product Name', 'DELETE', '103.217.238.38', '1', '2018-10-01 11:53:53'),
(224, '1', 'product Name', 'DELETE', '103.217.238.38', '1', '2018-10-01 11:54:12'),
(225, '1', 'credit Name', 'DELETE', '103.217.238.38', '52', '2018-10-01 12:00:11'),
(226, '1', 'credit Name', 'DELETE', '103.217.238.38', '53', '2018-10-01 12:00:23'),
(227, '1', 'swipe Name', 'DELETE', '103.217.238.38', '1', '2018-10-01 12:32:18'),
(228, '1', 'swipe Name', 'DELETE', '103.217.238.38', '2', '2018-10-01 12:32:24'),
(229, '1', 'daily_sale_rate Name', 'DELETE', '103.217.238.38', '5', '2018-10-01 01:13:20'),
(230, '1', 'daily_sale_rate Name', 'DELETE', '49.207.21.140', '3', '2018-10-01 09:59:49'),
(231, '1', 'daily_sale_rate Name', 'DELETE', '49.207.21.140', '4', '2018-10-01 10:01:39'),
(232, '1', 'expenses Name', 'DELETE', '49.207.21.140', '4', '2018-10-01 10:28:56'),
(233, '1', 'daily_sale_rate Name', 'DELETE', '49.207.21.140', '5', '2018-10-01 10:31:50'),
(234, '1', 'daily_sale_rate Name', 'DELETE', '49.207.21.140', '6', '2018-10-01 10:32:13'),
(235, '1', 'Pages', 'INSERT', '::1', 'Master Entry Page', '2018-10-11 03:18:39'),
(236, '1', 'Company Information', 'INSERT', '::1', 'Sri Shirdi Sai filling station', '2018-10-24 01:36:05'),
(237, '1', 'expenses', 'INSERT', '::1', '2018-12-18', '2018-12-17 03:10:34');

-- --------------------------------------------------------

--
-- Table structure for table `pages`
--

CREATE TABLE `pages` (
  `page_id` int(11) NOT NULL,
  `page_module` varchar(50) NOT NULL,
  `page_name` varchar(50) NOT NULL,
  `page_link` varchar(50) NOT NULL,
  `InActive` int(1) NOT NULL
) ENGINE=MyISAM DEFAULT CHARSET=latin1;

--
-- Dumping data for table `pages`
--

INSERT INTO `pages` (`page_id`, `page_module`, `page_name`, `page_link`, `InActive`) VALUES
(1, 'System Pages', 'Access to System Pages', 'pages', 0),
(2, 'System Pages', 'Add Page', 'add_page', 0),
(3, 'System Pages', 'Update Page', 'update_page', 0),
(4, 'System Pages', 'Delete Page', 'delete_page', 0),
(5, 'User Roles', 'Delete User Roles', 'delete_roles', 0),
(6, 'User Roles', 'Update User Roles', 'update_roles', 0),
(7, 'User Roles', 'Add User Roles', 'add_roles', 0),
(8, 'User Roles', 'Access to User Roles', 'roles', 0),
(9, 'Department', 'Access to Department', 'department', 0),
(10, 'Department', 'Add Department', 'add_department', 0),
(11, 'Department', 'Update Department', 'update_department', 0),
(12, 'Department', 'Delete Department', 'delete_department', 0),
(13, 'System User', 'Access to System User', 'view_user', 0),
(14, 'System User', 'Add User', 'add_user', 0),
(15, 'System User', 'Update User', 'update_user', 0),
(16, 'System User', 'Delete User', 'delete_user', 0),
(17, 'Designation', 'Access to Designation', 'designation', 0),
(18, 'Designation', 'Add Designation', 'add_designation', 0),
(19, 'Designation', 'Update Designation', 'update_designation', 0),
(20, 'Designation', 'Delete Designation', 'delete_designation', 0),
(21, 'Purchase', 'Access to Purchase', 'purchase', 0),
(22, 'Purchase', 'Delete Purchase', 'delete_purchase', 0),
(23, 'Purchase', 'Update Purchase', 'update_purchase', 0),
(24, 'Purchase', 'Add Purchase', 'add_purchase', 0),
(25, 'Tank', 'Access to Tank', 'tank', 0),
(26, 'Tank', 'Add to Tank', 'add_tank', 0),
(27, 'Tank', 'Update Tank', 'update_tank', 0),
(28, 'Tank', 'Delete Tank', 'delete_tank', 0),
(29, 'Tank', 'View Tank', 'view_tank', 0),
(30, 'Tank', 'Print Tank', 'print_tank', 0),
(31, 'Tank', 'Approve Tank', 'approve_tank', 0),
(32, 'Tank', 'Buttons Tank', 'buttons_tank', 0),
(33, 'Employee Master', 'Access to Employee Master', 'emp_master', 0),
(34, 'Employee Master', 'Add Employee Master', 'add_emp_master', 0),
(35, 'Employee Master', 'Update Employee Master', 'update_emp_master', 0),
(36, 'Employee Master', 'Delete Employee Master', 'delete_emp_master', 0),
(37, 'Employee Master', 'View Employee Master', 'view_emp_master', 0),
(38, 'Employee Master', 'Print Employee Master', 'print_emp_master', 0),
(39, 'Employee Master', 'Approve Employee Master', 'approve_emp_master', 0),
(40, 'Employee Master', 'Buttons Employee Master', 'buttons_emp_master', 0),
(41, 'Sale', 'Access to Sale', 'sale', 0),
(42, 'Sale', 'Add Sale', 'add_sale', 0),
(43, 'Sale', 'Update Sale', 'update_sale', 0),
(44, 'Sale', 'Delete Sale', 'delete_sale', 0),
(45, 'Sale', 'View Sale', 'view_sale', 0),
(46, 'Sale', 'Print Sale', 'print_sale', 0),
(47, 'Sale', 'Approve Sale', 'approve_sale', 0),
(48, 'Sale', 'Buttons Sale', 'buttons_sale', 0),
(49, 'Stock', 'Access to Stock', 'sale_stock', 0),
(50, 'Stock', 'Add Stock', 'add_sale_stock', 0),
(51, 'Stock', 'Update Stock', 'update_sale_stock', 0),
(52, 'Stock', 'Delete Stock', 'delete_sale_stock', 0),
(53, 'Stock', 'View Stock', 'view_sale_stock', 0),
(54, 'Stock', 'Print Stock', 'print_sale_stock', 0),
(55, 'Stock', 'Approve Stock', 'approve_sale_stock', 0),
(56, 'Stock', 'Buttons Stock', 'buttons_sale_stock', 0),
(57, 'Credit', 'Access to Credit', 'credit', 0),
(58, 'Credit', 'Add Credit', 'add_credit', 0),
(59, 'Credit', 'Update Credit', 'update_credit', 0),
(60, 'Credit', 'Delete Credit', 'delete_credit', 0),
(61, 'Credit', 'View Credit', 'view_credit', 0),
(62, 'Credit', 'Print Credit', 'print_credit', 0),
(63, 'Credit', 'Approve Credit', 'approve_credit', 0),
(64, 'Credit', 'Buttons Credit', 'buttons_credit', 0),
(65, 'Recovery', 'Access to Recovery', 'recovery', 0),
(66, 'Recovery', 'Add Recovery', 'add_recovery', 0),
(67, 'Recovery', 'Update Recovery', 'update_recovery', 0),
(68, 'Recovery', 'Delete Recovery', 'delete_recovery', 0),
(69, 'Recovery', 'View Recovery', 'view_recovery', 0),
(70, 'Recovery', 'Print Recovery', 'print_recovery', 0),
(71, 'Recovery', 'Approve Recovery', 'approve_recovery', 0),
(72, 'Recovery', 'Buttons Recovery', 'buttons_recovery', 0),
(73, 'Customer Master', 'Access to Customer Entry', 'customer_entry', 0),
(74, 'Customer Master', 'Add Customer Entry', 'add_customer_entry', 0),
(75, 'Customer Master', 'Update Customer Entry', 'update_customer_entry', 0),
(76, 'Customer Master', 'Delete Customer Entry', 'delete_customer_entry', 0),
(77, 'Customer Master', 'View Customer Entry', 'view_customer_entry', 0),
(78, 'Customer Master', 'Print Customer Entry', 'print_customer_entry', 1),
(79, 'Customer Master', 'Active/InActive Customers', 'act/inact_customer_entry', 0),
(80, 'Customer Master', 'Buttons Customer Entry', 'buttons_customer_entry', 1),
(81, 'Pump', 'Access to Pump', 'pump', 0),
(82, 'Pump', 'Add Pump', 'add_pump', 0),
(83, 'Pump', 'Update Pump', 'update_pump', 0),
(84, 'Pump', 'Delete Pump', 'delete_pump', 0),
(85, 'Pump', 'View Pump', 'view_pump', 0),
(86, 'Pump', 'Print Pump', 'print_pump', 0),
(87, 'Pump', 'Approve Pump', 'approve_pump', 0),
(88, 'Pump', 'Buttons Pump', 'buttons_pump', 0),
(89, 'Shipping Details', 'Access to Shipping Details', 'shipping_details', 0),
(90, 'Shipping Details', 'Add Shipping Details', 'add_shipping_details', 0),
(91, 'Shipping Details', 'Update Shipping Details', 'update_shipping_details', 0),
(92, 'Shipping Details', 'Delete Shipping Details', 'delete_shipping_details', 0),
(93, 'Shipping Details', 'View Shipping Details', 'view_shipping_details', 0),
(94, 'Shipping Details', 'Print Shipping Details', 'print_shipping_details', 0),
(95, 'Shipping Details', 'Approve Shipping Details', 'approve_shipping_details', 0),
(96, 'Shipping Details', 'Buttons Shipping Details', 'buttons_shipping_details', 0),
(97, 'Daily Sale Rate', 'Access to Daily Sale Rate', 'daily_sale_rate', 0),
(98, 'Daily Sale Rate', 'Add Daily Sale Rate', 'add_daily_sale_rate', 0),
(99, 'Daily Sale Rate', 'Update Daily Sale Rate', 'update_daily_sale_rate', 0),
(100, 'Daily Sale Rate', 'Delete Daily Sale Rate', 'delete_daily_sale_rate', 0),
(101, 'Daily Sale Rate', 'View Daily Sale Rate', 'view_daily_sale_rate', 0),
(102, 'Daily Sale Rate', 'Print Daily Sale Rate', 'print_daily_sale_rate', 0),
(103, 'Daily Sale Rate', 'Approve Daily Sale Rate', 'approve_daily_sale_rate', 0),
(104, 'Daily Sale Rate', 'Buttons Daily Sale Rate', 'buttons_daily_sale_rate', 0),
(105, '10KL', 'Access to 10KL', 'first_kl', 0),
(106, '10KL', 'Add 10KL', 'add_first_kl', 0),
(107, '10KL', 'Update 10KL', 'update_first_kl', 0),
(108, '10KL', 'Delete 10KL', 'delete_first_kl', 0),
(109, 'Product', 'Access to Product', 'product', 0),
(110, 'Product', 'Add Product', 'add_product', 0),
(111, 'Product', 'Update Product', 'update_product', 0),
(112, 'Product', 'View Product', 'view_product', 0),
(113, 'Product', 'Print Product', 'print_product', 0),
(114, 'Product', 'Approve Product', 'approve_product', 0),
(115, 'Product', 'Buttons Product', 'buttons_product', 0),
(116, 'Product', 'Delete Product', 'delete_product', 0),
(117, 'Report', 'Add Report', 'add_report', 0),
(118, 'Report', 'Print Report', 'print_report', 0),
(120, 'Bunk Print', 'Add Bunk Print', 'add_bunk_print', 0),
(121, 'Bunk Print', 'Print Bunk Print', 'print_bunk_report', 0),
(122, 'Swipe', 'Access to Swipe', 'swipe', 0),
(123, 'Swipe', 'Add Swipe', 'add_swipe', 0),
(124, 'Swipe', 'Update Swipe', 'update_swipe', 0),
(125, 'Swipe', 'Delete Swipe', 'delete_swipe', 0),
(126, 'Swipe', 'View Swipe', 'view_swipe', 0),
(127, 'Swipe', 'Print Swipe', 'print_swipe', 0),
(128, 'Swipe', 'Approve Swipe', 'approve_swipe', 0),
(129, 'Swipe', 'Buttons Swipe', 'buttons_swipe', 0),
(130, 'Expenses', 'Access to Expenses', 'expenses', 0),
(131, 'Expenses', 'Add Expenses', 'add_expenses', 0),
(132, 'Expenses', 'Update Expenses', 'update_expenses', 0),
(133, 'Expenses', 'Delete Expenses', 'delete_expenses', 0),
(134, 'Expenses', 'View Expenses', 'view_expenses', 0),
(135, 'Expenses', 'Print Expenses', 'print_expenses', 0),
(136, 'Expenses', 'Approve Expenses', 'approve_expenses', 0),
(137, 'Expenses', 'Buttons Expenses', 'buttons_expenses', 0),
(138, 'Expenses Type', 'Access to Expenses Type', 'expenses_type', 0),
(139, 'Expenses Type', 'Add Expenses Type', 'add_expenses_type', 0),
(140, 'Expenses Type', 'Update Expenses Type', 'update_expenses_type', 0),
(141, 'Expenses Type', 'Delete Expenses Type', 'delete_expenses_type', 0),
(142, 'Expenses Type', 'View Expenses Type', 'view_expenses_type', 0),
(143, 'Expenses Type', 'Print Expenses Type', 'print_expenses_type', 0),
(144, 'Expenses Type', 'Approve Expenses Type', 'approve_expenses_type', 0),
(145, 'Expenses Type', 'Buttons Expenses Type', 'buttons_expenses_type', 0),
(146, 'Purchase Entry', 'Add Purchase Entry', 'add_purc_entry', 0),
(147, 'Stock Report', 'Add Stock Report', 'add_stock_report', 0),
(148, 'Daily Report', 'Add Daily Report', 'add_daily_report', 0),
(149, 'Cust Vehicle', 'View Cust Vehicle', 'view_cust_vehicle', 0),
(150, 'Customer Master', 'Edit Customer Entry', 'edit_customer_entry', 0),
(151, 'Customer Master', 'Cedit Customer Entry', 'cedit_customer_entry', 0),
(152, 'Bunk User', 'Add Bunk User', 'add_user', 0),
(153, 'Bunk User', 'View Bunk User', 'view_user', 0),
(154, 'Bunk User', 'Edit Bunk User', 'edit_user', 0),
(155, 'Swipe', 'Edit Swipe', 'edit_swipe', 0),
(156, 'Credit', 'Edit Credit', 'edit_credit', 0),
(157, 'Expenses', 'Edit Expenses', 'edit_expenses', 0),
(158, 'Credit Report', 'Add Credit Report', 'add_credit_report', 1),
(159, 'Credit Report', 'Edit Credit Report', 'edit_credit_report', 1),
(160, 'Credit Report', 'View Credit Report', 'view_credit_report', 1),
(161, 'stock variations', 'view stock variation', 'stock_variation', 0),
(162, 'Credit limit', 'View Credit_limit Reports', 'view_credit_limit', 0),
(163, 'Backup Data', 'Download Page', 'backup_database', 0),
(164, 'Reports', 'Customer Wise Details', 'cust_wise_details', 0),
(165, 'Reports', 'All Credit Details', 'all_credit_details', 0),
(166, 'Reports', 'Expenditure', 'expenses_report', 0),
(167, 'Reports', 'Daily Rate Report', 'daily_rate_report', 0),
(168, 'Reports', 'Purchase Reports', 'purchase_reports', 0),
(169, 'Reports', 'Employee Work Reports', 'employee_work_reports', 0),
(170, 'Reports', 'Day Report', 'day_report', 0),
(171, 'Reports', 'Tank Stock Variations Report', 'tank_stockvariation_report', 0),
(172, 'vendor', 'Access to vendor', 'vendor', 0),
(173, 'vendor', 'Add vendor', 'add_vendor', 0),
(174, 'vendor', 'update vendor', 'update_vendor', 0),
(175, 'vendor', 'delete vendor', 'delete_vendor', 0),
(176, 'vendor', 'view vendor', 'view_vendor', 0),
(177, 'vendor', 'print vendor', 'print_vendor', 0),
(178, 'vendor', 'Approve Vendor', 'approve_vendor', 0),
(179, 'Vendor', 'Button vendor', 'button_vendor', 0),
(180, 'Vendor Transaction', 'Access to vendor transaction', 'vendor_transaction', 0),
(181, 'Vendor Transaction', 'Add Vendor Transaction', 'add_vendor_transaction', 0),
(182, 'Vendor Transaction', 'update Vendor Transaction', 'update_vendor_transaction', 0),
(183, 'Vendor Transaction', 'Delete Vendor Transaction', 'delete_vendor_transaction', 0),
(184, 'Vendor Transaction', 'view Vendor Transaction', 'view_vendor_transaction', 0),
(185, 'Vendor Transaction', 'Print Vendor Transaction', 'print_vendor_transaction', 0),
(186, 'Vendor Transaction', 'Approve Vendor Transaction', 'approve_vendor_transaction', 0),
(187, 'Vendor Transaction', 'Button Vendor Transaction', 'button_ vendor_transaction', 0),
(188, 'Create Pumps', 'add Pumps', 'creat_pumps', 0),
(189, 'Create Pumps', 'Edit Pumps', 'update_pumps', 0),
(190, 'Create Pumps', 'Delete Pumps', 'delete_pumps', 0),
(191, 'Create Pumps', 'View Pumps', 'view_pumps', 0),
(192, 'Reports', 'Vendor Transactions Report', 'vendor_trans_report', 0),
(193, 'Attendance', 'Access to Attendence', 'attendence', 0),
(194, 'Attendance', 'Add Attendence', 'add_attendence', 0),
(195, 'Attendance', 'Update Attendence', 'update_attendence', 0),
(196, 'Attendance', 'Delete Attendence', 'delete_attendence', 0),
(197, 'Attendance', 'View Attendence', 'view_attendence', 0),
(198, 'Attendance', 'Print Attendence', 'print_attendence', 0),
(199, 'Attendance', 'Approve Attendance', 'approve_attendance', 0),
(200, 'Attendance', 'Button Attendance', 'button_attendance', 0),
(201, 'Reports', 'Attendence Report', 'attendence_report', 0),
(202, 'Reports', 'Swipe Reports', 'Swipe_report', 0),
(203, 'Reports', 'Inventery Report', 'Inventery_report', 0),
(204, 'Bunk User', 'InActive Bunk User', 'delete_user', 0),
(205, 'Reports', 'Access to Reports', 'reports_page', 0),
(206, 'Master entry', 'Master Entry Page', 'master_entry_page', 0);

-- --------------------------------------------------------

--
-- Table structure for table `state`
--

CREATE TABLE `state` (
  `state_id` int(11) NOT NULL,
  `state_code` varchar(100) NOT NULL,
  `state_name` varchar(155) NOT NULL,
  `createdDate` datetime NOT NULL,
  `createdBy` varchar(155) NOT NULL,
  `modifiedDate` datetime NOT NULL,
  `modifiedBy` varchar(155) NOT NULL,
  `del_state` tinyint(4) NOT NULL,
  `InActive` int(11) NOT NULL
) ENGINE=InnoDB DEFAULT CHARSET=latin1;

--
-- Dumping data for table `state`
--

INSERT INTO `state` (`state_id`, `state_code`, `state_name`, `createdDate`, `createdBy`, `modifiedDate`, `modifiedBy`, `del_state`, `InActive`) VALUES
(1, 'ST1', 'ANDHRA PRADESH', '2017-07-23 09:23:37', 'Admin', '2017-11-08 20:52:15', 'Admin', 0, 0),
(2, 'ST2', 'TAMILNADU', '2017-07-24 07:37:39', 'Admin', '2017-11-08 20:52:35', 'Admin', 0, 0),
(3, 'ST3', 'TELANGANA', '2017-07-24 12:44:48', 'Admin', '2017-11-08 20:53:09', 'Admin', 0, 0);

-- --------------------------------------------------------

--
-- Table structure for table `system_option`
--

CREATE TABLE `system_option` (
  `option_id` int(11) NOT NULL,
  `cCode` varchar(25) NOT NULL,
  `cValue` int(11) NOT NULL,
  `InActive` int(1) NOT NULL
) ENGINE=MyISAM DEFAULT CHARSET=latin1;

--
-- Dumping data for table `system_option`
--

INSERT INTO `system_option` (`option_id`, `cCode`, `cValue`, `InActive`) VALUES
(1, 'employee_no', 16, 0),
(2, 'patient_no', 129, 0),
(3, 'INPATIENTNO', 0, 0),
(4, 'OUTPATIENTNO', 103, 0),
(5, 'invoice_no', 3, 0),
(6, 'receipt_no', 0, 0),
(7, 'insurance_no', 0, 0),
(8, 'lab_param_no', 8, 0);

-- --------------------------------------------------------

--
-- Table structure for table `system_parameters`
--

CREATE TABLE `system_parameters` (
  `param_id` bigint(11) NOT NULL,
  `cCode` varchar(50) NOT NULL,
  `cValue` varchar(50) NOT NULL,
  `cDesc` varchar(150) NOT NULL,
  `InActive` int(1) NOT NULL
) ENGINE=MyISAM DEFAULT CHARSET=latin1;

--
-- Dumping data for table `system_parameters`
--

INSERT INTO `system_parameters` (`param_id`, `cCode`, `cValue`, `cDesc`, `InActive`) VALUES
(1, 'gender', 'Male', '', 0),
(2, 'gender', 'Female', '', 0),
(3, 'civil_status', 'Single', '', 0),
(4, 'civil_status', 'Married', '', 0),
(5, 'civil_status', 'Legal Seperated', '', 0),
(6, 'civil_status', 'Divorce', '', 0),
(7, 'title_name', 'Mr.', '', 0),
(8, 'title_name', 'Ms.', '', 0),
(9, 'title_name', 'Mrs.', '', 0),
(10, 'title_name', 'Dr.', '', 0),
(11, 'religion', 'Roman Catholic', '', 0),
(12, 'religion', 'Muslim', '', 0),
(13, 'religion', 'Iglesia ni Cristo', '', 0),
(14, 'religion', 'Church of God', '', 0),
(15, 'religion', 'Evangelical', '', 0),
(16, 'religion', 'Born Again', '', 0),
(17, 'religion', 'Evangelical', '', 0),
(18, 'religion', 'El Shaddai', '', 0),
(19, 'religion', 'Church of the Nazarene', '', 0),
(20, 'religion', 'Seventh-Day Adventists', '', 0),
(21, 'religion', 'Chinese', '', 0),
(22, 'religion', 'Hindu', '', 0),
(23, 'religion', 'Judaism', '', 0),
(24, 'religion', 'Ang Dating Daan', '', 0),
(25, 'religion', 'Jehovah''s Witnesses', '', 0),
(26, 'religion', 'Unitarian', '', 0),
(27, 'religion', 'Assemblies of God (Ilocos Norte)', '', 0),
(28, 'religion', 'Aglipayan ', '', 0),
(29, 'blood_type', 'O+', '', 0),
(30, 'blood_type', 'O-', '', 0),
(31, 'blood_type', 'A+', '', 0),
(32, 'blood_type', 'A-', '', 0),
(33, 'blood_type', 'B+', '', 0),
(34, 'blood_type', 'B-', '', 0),
(35, 'blood_type', 'AB+', '', 0),
(36, 'blood_type', 'AB-', '', 0),
(37, 'title_name', 'Dra.', 'Doctora', 0),
(45, 'gender', 'asd', '', 1),
(44, 'gender', 'x2', 'xxx2', 1),
(51, 'type_medicine', 'Generic', 'Generic', 0),
(52, 'type_medicine', 'Branded', 'Branded', 0),
(53, 'medicine_uom', 'Tablet', 'Tablet', 0),
(54, 'medicine_uom', 'Bottle', 'Bottle', 0),
(55, 'medicine_uom', 'Each', 'Each', 0),
(56, 'payment_type', 'CASH', 'CASH', 0),
(57, 'payment_type', 'CREDIT CARD', 'CREDIT CARD', 0),
(58, 'payment_type', 'INSURANCE COMPANY', 'INSURANCE COMPANY', 0),
(60, 'condition_upon_discharge', 'Improved', 'Improved', 0),
(61, 'condition_upon_discharge', 'Recovered', 'Recovered', 0),
(62, 'condition_upon_discharge', 'Expired', '', 0),
(63, 'condition_upon_discharge', 'Transferred', '', 0),
(64, 'reason_for_discount', 'Student', 'Student', 0),
(65, 'reason_for_discount', 'Senior Citizen', 'Senior Citizen', 0),
(66, 'reason_for_discount', 'Sample Reason here', 'Sample Reason here', 0),
(67, 'reason_for_discount', 'Person with Disablities', 'Person with Disablities', 0),
(68, 'reason_for_discount', 'Management Decision', 'Management Decision', 0),
(69, 'reason_for_discount', 'Below Poverty Line', 'Below Poverty Line', 0),
(70, 'reason_for_discount', 'Employee', 'Employee', 0),
(71, 'reason_for_discount', 'Membe', 'Member', 0),
(72, 'specialization', 'cardiology', '', 0),
(73, 'specialization', 'gynaecology', '', 0),
(74, 'test-specimen', 'Blood', 'blood for specimen test', 0),
(75, 'Vacutainer', 'LAVENDER', 'lavender', 0),
(76, 'test-specimen', 'Serum', 'serum', 0),
(77, 'Vacutainer', 'YELLOW', 'yellow', 0),
(78, 'bank', 'State Bank Of India (SBI)', 'SBI', 0),
(79, 'bank', 'Andhra Bank', 'Andhra Bank', 0),
(80, 'bank', 'Indian Bank', 'Indian Bank', 0),
(81, 'employee_type', 'Permanent', 'Permanent', 0),
(82, 'employee_type', 'Temporary/contract', 'Temporary/contract', 0),
(83, 'employee_type', 'Probation', 'Probation', 0),
(84, 'employee_type', 'Retailers', 'Retailers', 0),
(85, 'caption_of_the_day', 'Happy Varalakshmi Vratham', 'Varalakshmi Vratham', 0),
(86, 'caption_of_the_day', 'Happy Sri Krishnastami', 'Happy Sri Krishnastami', 0),
(87, 'Occupation', 'Labour', 'Labour', 0),
(88, 'Occupation', 'Engineer', 'Engineer', 0),
(89, 'Occupation', 'Employee', 'Employee', 0),
(90, 'Occupation', 'House Wife', 'House Wife', 0),
(91, 'Occupation', 'Business men', 'Business men', 0),
(92, 'Occupation', 'Doctor', 'Doctor', 0),
(93, 'Occupation', 'Teacher', 'Teacher', 0),
(94, 'Method', 'RIA', 'RIA', 0),
(95, 'labtest_name', 'ADA, Ascitic fluid', 'Lab Test Name', 0),
(96, 'test-specimen', 'Urine', 'Urine', 0),
(97, 'lab_sample', 'Serum', 'Serum', 0),
(98, 'Units', '%', 'Unit', 0),
(99, 'Units', '/HPF', 'unit', 0),
(100, 'Dosage', '2', 'dosage', 0),
(101, 'Occupation', 'SE', 'Self Employee', 0),
(102, 'admsn_purpose', 'accident treatment', 'accident treatment', 0),
(103, 'Method', 'HAEMOTX CELL COUNTER', 'HAEMOTX CELL COUNTER', 0),
(104, 'Method', 'WESTERGREN METHOD', 'WESTERGREN METHOD', 0),
(105, 'Method', 'CLOT BASED - HUMA CLOT COAGULATION ANALYZER', 'CLOT BASED - HUMA CLOT COAGULATION ANALYZER', 0),
(106, 'Method', 'SLIDE HAEAGGULUTINATION METHOD', 'SLIDE HAEAGGULUTINATION METHOD', 0),
(107, 'Method', 'IMMUNCHROMATOGRAPHY', 'IMMUNCHROMATOGRAPHY', 0),
(108, 'Method', 'CLOT BASED', 'CLOT BASED', 0),
(109, 'Method', 'CLOT BASED SLIDE METHOD', 'CLOT BASED SLIDE METHOD', 0),
(110, 'Method', 'TURBIDIMETRIC IMMUN ASSAY', 'TURBIDIMETRIC IMMUN ASSAY', 0),
(111, 'Method', 'KINETIC METHOD', 'KINETIC METHOD', 0),
(112, 'Method', 'IFFC KINETIC METHOD', 'IFFC KINETIC METHOD', 0),
(113, 'Method', 'METHOD - GOD - POD METHOD', 'METHOD - GOD - POD METHOD', 0);

-- --------------------------------------------------------

--
-- Table structure for table `users`
--

CREATE TABLE `users` (
  `user_id` int(11) NOT NULL,
  `designation` int(11) NOT NULL,
  `user_role` int(11) NOT NULL,
  `firstname` varchar(50) NOT NULL,
  `gender` int(1) NOT NULL,
  `email_address` varchar(75) NOT NULL,
  `username` varchar(25) NOT NULL,
  `password` varchar(50) NOT NULL,
  `picture` varchar(100) NOT NULL,
  `createdDate` datetime NOT NULL,
  `createdBy` varchar(55) NOT NULL,
  `modifiedDate` datetime NOT NULL,
  `modifiedBy` varchar(55) NOT NULL,
  `del_emp` tinyint(4) NOT NULL,
  `InActive` int(1) NOT NULL
) ENGINE=MyISAM DEFAULT CHARSET=latin1;

--
-- Dumping data for table `users`
--

INSERT INTO `users` (`user_id`, `designation`, `user_role`, `firstname`, `gender`, `email_address`, `username`, `password`, `picture`, `createdDate`, `createdBy`, `modifiedDate`, `modifiedBy`, `del_emp`, `InActive`) VALUES
(1, 1, 1, 'Supper Admin', 1, 'df', 'admin', 'sss@123', '', '0000-00-00 00:00:00', '', '0000-00-00 00:00:00', '', 0, 0),
(2, 0, 2, 'raja', 0, '', 'admin1', '1234', '', '2018-08-14 10:00:00', '1', '0000-00-00 00:00:00', '', 1, 1),
(3, 0, 2, 'dilip', 0, '', 'admin', 'dilip', '', '2018-08-18 03:03:00', '1', '0000-00-00 00:00:00', '', 1, 1),
(4, 0, 1, 'ADMIN', 0, '', 'admin', 'sss@123', '', '2018-09-11 09:27:00', '1', '0000-00-00 00:00:00', '', 1, 1),
(5, 0, 2, 'swami', 0, '', 'admin', '4454', '', '2018-11-01 05:16:00', '1', '0000-00-00 00:00:00', '', 1, 1),
(6, 0, 2, 'dilip', 0, '', 'admin', '1234', '', '2018-12-17 03:38:00', '1', '0000-00-00 00:00:00', '', 0, 0),
(7, 0, 3, 'swamy', 0, '', 'swamy', '1234', '', '2018-12-18 12:47:00', '1', '0000-00-00 00:00:00', '', 0, 0),
(8, 0, 3, 'swa', 0, '', 'swa', '123', '', '2018-12-18 12:50:00', '1', '0000-00-00 00:00:00', '', 0, 0);

-- --------------------------------------------------------

--
-- Table structure for table `userso`
--

CREATE TABLE `userso` (
  `user_id` int(11) NOT NULL,
  `designation` int(11) NOT NULL,
  `user_role` int(11) NOT NULL,
  `firstname` varchar(50) NOT NULL,
  `gender` int(1) NOT NULL,
  `email_address` varchar(75) NOT NULL,
  `username` varchar(25) NOT NULL,
  `password` varchar(50) NOT NULL,
  `picture` varchar(100) NOT NULL,
  `createdDate` datetime NOT NULL,
  `createdBy` varchar(55) NOT NULL,
  `modifiedDate` datetime NOT NULL,
  `modifiedBy` varchar(55) NOT NULL,
  `del_emp` tinyint(4) NOT NULL,
  `InActive` int(1) NOT NULL
) ENGINE=MyISAM DEFAULT CHARSET=latin1;

-- --------------------------------------------------------

--
-- Table structure for table `users_test`
--

CREATE TABLE `users_test` (
  `id` int(11) NOT NULL,
  `first_name` text NOT NULL,
  `last_name` text NOT NULL,
  `status` int(11) NOT NULL,
  `image` blob NOT NULL
) ENGINE=InnoDB DEFAULT CHARSET=latin1;

-- --------------------------------------------------------

--
-- Table structure for table `user_roles`
--

CREATE TABLE `user_roles` (
  `role_id` int(11) NOT NULL,
  `module` varchar(50) NOT NULL,
  `role_name` varchar(50) NOT NULL,
  `role_description` text NOT NULL,
  `InActive` int(1) NOT NULL
) ENGINE=MyISAM DEFAULT CHARSET=latin1;

--
-- Dumping data for table `user_roles`
--

INSERT INTO `user_roles` (`role_id`, `module`, `role_name`, `role_description`, `InActive`) VALUES
(1, 'Super Admin', 'Super Admin', 'Full Access of the entire system', 0),
(2, 'administrator', 'Admin', 'Minimal supervision', 0),
(3, 'Admin', 'IT DEPARTMENT', 'IT ADMIN', 0),
(4, 'Administration', 'Admin Reports', 'View reports only', 0);

-- --------------------------------------------------------

--
-- Table structure for table `user_roles_pages`
--

CREATE TABLE `user_roles_pages` (
  `rollpages_id` bigint(11) NOT NULL,
  `role_id` int(11) NOT NULL,
  `page_id` int(11) NOT NULL
) ENGINE=MyISAM DEFAULT CHARSET=latin1;

--
-- Dumping data for table `user_roles_pages`
--

INSERT INTO `user_roles_pages` (`rollpages_id`, `role_id`, `page_id`) VALUES
(7670, 1, 184),
(7669, 1, 182),
(7668, 1, 185),
(7667, 1, 183),
(7666, 1, 187),
(7665, 1, 186),
(7664, 1, 181),
(7663, 1, 180),
(7662, 1, 176),
(7661, 1, 174),
(7660, 1, 177),
(7659, 1, 175),
(7658, 1, 179),
(7657, 1, 178),
(7656, 1, 173),
(7655, 1, 172),
(7654, 1, 6),
(7653, 1, 5),
(7652, 1, 7),
(7651, 1, 8),
(7650, 1, 29),
(7649, 1, 27),
(7648, 1, 30),
(7647, 1, 28),
(7646, 1, 32),
(7645, 1, 31),
(7644, 1, 26),
(7643, 1, 25),
(7642, 1, 15),
(7641, 1, 16),
(7640, 1, 14),
(7639, 1, 13),
(7638, 1, 3),
(7637, 1, 4),
(7636, 1, 2),
(7635, 1, 1),
(7634, 1, 126),
(7633, 1, 124),
(7632, 1, 127),
(7631, 1, 155),
(7630, 1, 125),
(7629, 1, 129),
(7628, 1, 128),
(7627, 1, 123),
(7626, 1, 122),
(7625, 1, 161),
(7624, 1, 147),
(7623, 1, 53),
(7622, 1, 51),
(7621, 1, 54),
(7620, 1, 52),
(7619, 1, 56),
(7618, 1, 55),
(7617, 1, 50),
(7616, 1, 49),
(7615, 1, 93),
(7614, 1, 91),
(7613, 1, 94),
(7612, 1, 92),
(7611, 1, 96),
(7610, 1, 95),
(7609, 1, 90),
(7608, 1, 89),
(7607, 1, 171),
(7606, 1, 202),
(7605, 1, 168),
(7604, 1, 203),
(7603, 1, 166),
(7602, 1, 169),
(7601, 1, 170),
(7600, 1, 167),
(7599, 1, 164),
(7598, 1, 201),
(7597, 1, 165),
(7596, 1, 205),
(7595, 1, 69),
(7594, 1, 67),
(7593, 1, 70),
(7592, 1, 68),
(7591, 1, 72),
(7590, 1, 71),
(7589, 1, 66),
(7588, 1, 65),
(7587, 1, 146),
(7586, 1, 23),
(7585, 1, 22),
(7584, 1, 24),
(7583, 1, 21),
(7582, 1, 85),
(7581, 1, 83),
(7580, 1, 86),
(7579, 1, 84),
(7578, 1, 88),
(7577, 1, 87),
(7576, 1, 82),
(7575, 1, 81),
(7574, 1, 112),
(7573, 1, 111),
(7572, 1, 113),
(7571, 1, 116),
(7570, 1, 115),
(7569, 1, 114),
(7568, 1, 110),
(7567, 1, 109),
(7566, 1, 142),
(7565, 1, 140),
(7564, 1, 143),
(7563, 1, 141),
(7562, 1, 145),
(7561, 1, 144),
(7560, 1, 139),
(7559, 1, 138),
(7558, 1, 134),
(7557, 1, 132),
(7556, 1, 135),
(7555, 1, 157),
(7554, 1, 133),
(7553, 1, 137),
(7552, 1, 136),
(7551, 1, 131),
(7550, 1, 130),
(7549, 1, 37),
(7548, 1, 35),
(3966, 2, 3),
(3965, 2, 4),
(3964, 2, 2),
(3963, 2, 1),
(3962, 2, 126),
(3961, 2, 123),
(3960, 2, 122),
(3959, 2, 147),
(3958, 2, 53),
(3957, 2, 50),
(3956, 2, 49),
(3955, 2, 93),
(3954, 2, 90),
(3953, 2, 89),
(3952, 2, 45),
(3951, 2, 43),
(3950, 2, 46),
(3949, 2, 44),
(3948, 2, 48),
(3947, 2, 47),
(3946, 2, 42),
(3945, 2, 41),
(3944, 2, 168),
(3943, 2, 166),
(3942, 2, 169),
(3941, 2, 170),
(3940, 2, 167),
(3939, 2, 164),
(3938, 2, 117),
(3937, 2, 69),
(3936, 2, 66),
(3935, 2, 65),
(3934, 2, 146),
(3933, 2, 24),
(3932, 2, 21),
(3931, 2, 112),
(3930, 2, 110),
(3929, 2, 109),
(3928, 2, 142),
(3927, 2, 139),
(3926, 2, 138),
(3925, 2, 134),
(3924, 2, 135),
(3923, 2, 133),
(3922, 2, 137),
(3921, 2, 136),
(3920, 2, 131),
(3919, 2, 130),
(3918, 2, 101),
(3917, 2, 102),
(3916, 2, 100),
(3915, 2, 104),
(3914, 2, 103),
(3913, 2, 98),
(3912, 2, 97),
(3911, 2, 148),
(3910, 2, 77),
(3909, 2, 78),
(3908, 2, 150),
(3907, 2, 76),
(3906, 2, 151),
(3905, 2, 80),
(3904, 2, 79),
(3903, 2, 74),
(3902, 2, 73),
(3901, 2, 149),
(3900, 2, 61),
(3899, 2, 59),
(7547, 1, 38),
(7546, 1, 36),
(7545, 1, 40),
(7544, 1, 39),
(7543, 1, 34),
(7542, 1, 33),
(7541, 1, 19),
(3096, 4, 170),
(3095, 4, 160),
(3094, 4, 159),
(3093, 4, 158),
(7540, 1, 20),
(7539, 1, 18),
(3097, 4, 161),
(7538, 1, 17),
(7537, 1, 11),
(7536, 1, 12),
(7535, 1, 10),
(7534, 1, 9),
(7533, 1, 101),
(7532, 1, 99),
(7531, 1, 102),
(7530, 1, 100),
(7529, 1, 104),
(7528, 1, 103),
(7527, 1, 98),
(7526, 1, 97),
(7525, 1, 148),
(7524, 1, 77),
(7523, 1, 75),
(7522, 1, 150),
(7521, 1, 76),
(7520, 1, 151),
(7519, 1, 74),
(7518, 1, 79),
(7517, 1, 73),
(7516, 1, 149),
(7515, 1, 162),
(7514, 1, 61),
(7513, 1, 59),
(7512, 1, 62),
(3898, 2, 62),
(3897, 2, 60),
(3896, 2, 64),
(3895, 2, 63),
(3894, 2, 58),
(3893, 2, 57),
(3967, 2, 13),
(3968, 2, 14),
(3969, 2, 16),
(3970, 2, 15),
(3971, 2, 7),
(7511, 1, 156),
(7510, 1, 60),
(7509, 1, 64),
(7508, 1, 63),
(7507, 1, 58),
(7506, 1, 57),
(7505, 1, 191),
(7504, 1, 189),
(7503, 1, 190),
(7502, 1, 188),
(7501, 1, 153),
(7500, 1, 154),
(7499, 1, 152),
(7498, 1, 121),
(7497, 1, 120),
(7496, 1, 163),
(7495, 1, 197),
(7494, 1, 195),
(7493, 1, 198),
(7492, 1, 196),
(7491, 1, 200),
(7490, 1, 199),
(7489, 1, 194),
(7488, 1, 193),
(7487, 1, 107),
(7486, 1, 108),
(7485, 1, 106),
(7484, 1, 105);

--
-- Indexes for dumped tables
--

--
-- Indexes for table `company_info`
--
ALTER TABLE `company_info`
  ADD PRIMARY KEY (`cmp_id`);

--
-- Indexes for table `department`
--
ALTER TABLE `department`
  ADD PRIMARY KEY (`department_id`),
  ADD KEY `dept_code` (`dept_code`,`dept_name`);

--
-- Indexes for table `dialy_sale_rate`
--
ALTER TABLE `dialy_sale_rate`
  ADD PRIMARY KEY (`rate_id`),
  ADD KEY `product` (`product`),
  ADD KEY `rate_date` (`rate_date`);

--
-- Indexes for table `ip_admit`
--
ALTER TABLE `ip_admit`
  ADD PRIMARY KEY (`ip_id`);

--
-- Indexes for table `k_bankaccnts`
--
ALTER TABLE `k_bankaccnts`
  ADD PRIMARY KEY (`acc_id`);

--
-- Indexes for table `k_banks`
--
ALTER TABLE `k_banks`
  ADD PRIMARY KEY (`bank_id`);

--
-- Indexes for table `k_calbrichat9kl`
--
ALTER TABLE `k_calbrichat9kl`
  ADD PRIMARY KEY (`chart_id`),
  ADD KEY `calibtank_id` (`calibtank_id`),
  ADD KEY `dip_value` (`dip_value`),
  ADD KEY `chart_id` (`chart_id`);

--
-- Indexes for table `k_calbrichat10kl`
--
ALTER TABLE `k_calbrichat10kl`
  ADD PRIMARY KEY (`chart_id`),
  ADD KEY `calibtank_id` (`calibtank_id`),
  ADD KEY `dip_value` (`dip_value`),
  ADD KEY `chart_id` (`chart_id`);

--
-- Indexes for table `k_calbrichat15kl`
--
ALTER TABLE `k_calbrichat15kl`
  ADD PRIMARY KEY (`chart_id`),
  ADD KEY `calibtank_id` (`calibtank_id`),
  ADD KEY `dip_value` (`dip_value`),
  ADD KEY `chart_id` (`chart_id`);

--
-- Indexes for table `k_calbrichat16kl`
--
ALTER TABLE `k_calbrichat16kl`
  ADD PRIMARY KEY (`chart_id`),
  ADD KEY `calibtank_id` (`calibtank_id`),
  ADD KEY `dip_value` (`dip_value`),
  ADD KEY `chart_id` (`chart_id`);

--
-- Indexes for table `k_calbrichat20kl`
--
ALTER TABLE `k_calbrichat20kl`
  ADD PRIMARY KEY (`chart_id`),
  ADD KEY `calibtank_id` (`calibtank_id`),
  ADD KEY `dip_value` (`dip_value`),
  ADD KEY `chart_id` (`chart_id`);

--
-- Indexes for table `k_calbrichat22kl`
--
ALTER TABLE `k_calbrichat22kl`
  ADD PRIMARY KEY (`chart_id`),
  ADD KEY `calibtank_id` (`calibtank_id`),
  ADD KEY `dip_value` (`dip_value`),
  ADD KEY `chart_id` (`chart_id`);

--
-- Indexes for table `k_calbritank`
--
ALTER TABLE `k_calbritank`
  ADD PRIMARY KEY (`calib_id`),
  ADD KEY `calib_tank` (`calib_tank`);

--
-- Indexes for table `k_creditcust`
--
ALTER TABLE `k_creditcust`
  ADD PRIMARY KEY (`credit_id`),
  ADD KEY `credit_date` (`credit_date`),
  ADD KEY `custorg_id` (`custorg_id`),
  ADD KEY `emp_id` (`emp_id`),
  ADD KEY `credit_id` (`credit_id`);

--
-- Indexes for table `k_credit_limit`
--
ALTER TABLE `k_credit_limit`
  ADD KEY `limit_id` (`limit_id`),
  ADD KEY `cust_id` (`cust_id`);

--
-- Indexes for table `k_cust`
--
ALTER TABLE `k_cust`
  ADD PRIMARY KEY (`cust_id`),
  ADD KEY `phn` (`phn`),
  ADD KEY `credit_limit` (`credit_limit`),
  ADD KEY `cust_id` (`cust_id`);

--
-- Indexes for table `k_custcredits`
--
ALTER TABLE `k_custcredits`
  ADD PRIMARY KEY (`creditdet_id`),
  ADD KEY `creditdet_id` (`creditdet_id`),
  ADD KEY `credit_id` (`credit_id`),
  ADD KEY `credit_date` (`credit_date`),
  ADD KEY `custorg_id` (`custorg_id`),
  ADD KEY `emp_id` (`emp_id`);

--
-- Indexes for table `k_custvehicle`
--
ALTER TABLE `k_custvehicle`
  ADD PRIMARY KEY (`vehicle_id`),
  ADD KEY `vehicle_id` (`vehicle_id`),
  ADD KEY `cust_id` (`cust_id`);

--
-- Indexes for table `k_emp`
--
ALTER TABLE `k_emp`
  ADD PRIMARY KEY (`emp_id`),
  ADD KEY `emp_id` (`emp_id`);

--
-- Indexes for table `k_empattend`
--
ALTER TABLE `k_empattend`
  ADD PRIMARY KEY (`attend_id`),
  ADD KEY `attend_id` (`attend_id`),
  ADD KEY `date_attend` (`date_attend`);

--
-- Indexes for table `k_empattendens_list`
--
ALTER TABLE `k_empattendens_list`
  ADD PRIMARY KEY (`attendList_id`),
  ADD KEY `attend_Date` (`attend_Date`),
  ADD KEY `attend_empid` (`attend_empid`),
  ADD KEY `attend_value` (`attend_type`),
  ADD KEY `attend_remark` (`attend_remark`),
  ADD KEY `attend_id` (`attend_id`);

--
-- Indexes for table `k_expens`
--
ALTER TABLE `k_expens`
  ADD PRIMARY KEY (`exp_id`),
  ADD KEY `exp_id` (`exp_id`),
  ADD KEY `exp_dt` (`exp_dt`);

--
-- Indexes for table `k_expenses_list`
--
ALTER TABLE `k_expenses_list`
  ADD PRIMARY KEY (`expses_id`),
  ADD KEY `expses_id` (`expses_id`),
  ADD KEY `exp_id` (`exp_id`),
  ADD KEY `expses_dt` (`expses_dt`),
  ADD KEY `category` (`category`),
  ADD KEY `expses_empid` (`expses_empid`),
  ADD KEY `expses_type` (`expses_type`);

--
-- Indexes for table `k_expenstype`
--
ALTER TABLE `k_expenstype`
  ADD PRIMARY KEY (`exptype_id`),
  ADD KEY `exptype_id` (`exptype_id`);

--
-- Indexes for table `k_invoicecheck`
--
ALTER TABLE `k_invoicecheck`
  ADD PRIMARY KEY (`check_id`),
  ADD KEY `check_id` (`check_id`);

--
-- Indexes for table `k_invoiceship`
--
ALTER TABLE `k_invoiceship`
  ADD PRIMARY KEY (`ship_id`),
  ADD KEY `ship_id` (`ship_id`);

--
-- Indexes for table `k_invoicesold`
--
ALTER TABLE `k_invoicesold`
  ADD PRIMARY KEY (`sold_id`),
  ADD KEY `sold_id` (`sold_id`);

--
-- Indexes for table `k_lqproducts`
--
ALTER TABLE `k_lqproducts`
  ADD PRIMARY KEY (`prod_id`);

--
-- Indexes for table `k_lqsalepump`
--
ALTER TABLE `k_lqsalepump`
  ADD PRIMARY KEY (`sale_pid`),
  ADD KEY `sale_pid` (`sale_pid`),
  ADD KEY `sale_pump` (`sale_pump`),
  ADD KEY `sale_pdate` (`sale_pdate`);

--
-- Indexes for table `k_lqsale_nozpump`
--
ALTER TABLE `k_lqsale_nozpump`
  ADD PRIMARY KEY (`pnoz_id`),
  ADD KEY `pnoz_id` (`pnoz_id`),
  ADD KEY `sale_pdate` (`sale_pdate`),
  ADD KEY `sale_pid` (`sale_pid`),
  ADD KEY `tank_no` (`tank_no`),
  ADD KEY `pump_no` (`pump_no`),
  ADD KEY `pnoz_nozid` (`pnoz_nozid`),
  ADD KEY `pnoz_prodid` (`pnoz_prodid`),
  ADD KEY `pnoz_empid` (`pnoz_empid`);

--
-- Indexes for table `k_nozzel`
--
ALTER TABLE `k_nozzel`
  ADD PRIMARY KEY (`nozel_id`),
  ADD KEY `nozel_id` (`nozel_id`),
  ADD KEY `noz_name` (`noz_name`),
  ADD KEY `tank_no` (`tank_no`);

--
-- Indexes for table `k_noz_pump`
--
ALTER TABLE `k_noz_pump`
  ADD PRIMARY KEY (`id`);

--
-- Indexes for table `k_npur_product`
--
ALTER TABLE `k_npur_product`
  ADD PRIMARY KEY (`prd_id`),
  ADD KEY `prd_id` (`prd_id`),
  ADD KEY `purc_date` (`purc_date`),
  ADD KEY `prod_id` (`prod_id`),
  ADD KEY `purc_amt_id` (`purc_amt_id`);

--
-- Indexes for table `k_product`
--
ALTER TABLE `k_product`
  ADD PRIMARY KEY (`p_id`);

--
-- Indexes for table `k_product_details`
--
ALTER TABLE `k_product_details`
  ADD PRIMARY KEY (`k_prdct_id`),
  ADD KEY `k_prdct_id` (`k_prdct_id`),
  ADD KEY `k_prduct_type` (`k_prduct_type`),
  ADD KEY `sale_type` (`sale_type`),
  ADD KEY `k_prduct_date` (`k_prduct_date`);

--
-- Indexes for table `k_pumps`
--
ALTER TABLE `k_pumps`
  ADD PRIMARY KEY (`pump_id`),
  ADD KEY `pump` (`pump`),
  ADD KEY `pump_name` (`pump_name`);

--
-- Indexes for table `k_pump_nozzel`
--
ALTER TABLE `k_pump_nozzel`
  ADD PRIMARY KEY (`pump_id`),
  ADD KEY `pump_id` (`pump_id`),
  ADD KEY `tank_no` (`tank_no`),
  ADD KEY `pump_no` (`pump_no`),
  ADD KEY `nozzel_id` (`nozzel_id`),
  ADD KEY `prod_id` (`prod_id`);

--
-- Indexes for table `k_purchase`
--
ALTER TABLE `k_purchase`
  ADD PRIMARY KEY (`pur_id`),
  ADD KEY `pur_id` (`pur_id`),
  ADD KEY `pur_date` (`pur_date`),
  ADD KEY `invoice` (`invoice`);

--
-- Indexes for table `k_pur_product`
--
ALTER TABLE `k_pur_product`
  ADD PRIMARY KEY (`p_product_id`),
  ADD KEY `p_product_id` (`p_product_id`),
  ADD KEY `pur_date` (`pur_date`),
  ADD KEY `p_product_no` (`p_product_no`),
  ADD KEY `pur_id` (`pur_id`),
  ADD KEY `product_qty` (`product_qty`);

--
-- Indexes for table `k_recovery`
--
ALTER TABLE `k_recovery`
  ADD PRIMARY KEY (`recovery_id`),
  ADD KEY `recovery_id` (`recovery_id`),
  ADD KEY `date` (`date`),
  ADD KEY `re_type` (`re_type`);

--
-- Indexes for table `k_sale_product`
--
ALTER TABLE `k_sale_product`
  ADD PRIMARY KEY (`s_prd_id`),
  ADD KEY `s_prd_id` (`s_prd_id`),
  ADD KEY `s_pro_date` (`s_pro_date`),
  ADD KEY `s_product_name` (`s_product_name`),
  ADD KEY `sale_type` (`sale_type`),
  ADD KEY `s_emp_id` (`s_emp_id`);

--
-- Indexes for table `k_stock`
--
ALTER TABLE `k_stock`
  ADD PRIMARY KEY (`stock_id`),
  ADD KEY `stock_id` (`stock_id`),
  ADD KEY `stock_date` (`stock_date`),
  ADD KEY `stock_tank` (`stock_tank`),
  ADD KEY `prod_id` (`prod_id`);

--
-- Indexes for table `k_stock1`
--
ALTER TABLE `k_stock1`
  ADD PRIMARY KEY (`stock_id`);

--
-- Indexes for table `k_stock_purdetails`
--
ALTER TABLE `k_stock_purdetails`
  ADD PRIMARY KEY (`purstock_id`);

--
-- Indexes for table `k_swipecash`
--
ALTER TABLE `k_swipecash`
  ADD PRIMARY KEY (`swp_id`),
  ADD KEY `swp_id` (`swp_id`),
  ADD KEY `swp_date` (`swp_date`),
  ADD KEY `swp_pump` (`swp_pump`),
  ADD KEY `swp_empid` (`swp_empid`),
  ADD KEY `swp_billno` (`swp_batchno`);

--
-- Indexes for table `k_tank`
--
ALTER TABLE `k_tank`
  ADD PRIMARY KEY (`tank_id`),
  ADD KEY `tank_id` (`tank_id`),
  ADD KEY `tank_no` (`tank_no`),
  ADD KEY `tank_name` (`tank_name`);

--
-- Indexes for table `k_vendors`
--
ALTER TABLE `k_vendors`
  ADD PRIMARY KEY (`vend_id`);

--
-- Indexes for table `k_vendortrans`
--
ALTER TABLE `k_vendortrans`
  ADD PRIMARY KEY (`trans_id`);

--
-- Indexes for table `logfile`
--
ALTER TABLE `logfile`
  ADD PRIMARY KEY (`logid`);

--
-- Indexes for table `pages`
--
ALTER TABLE `pages`
  ADD PRIMARY KEY (`page_id`),
  ADD KEY `page_id` (`page_id`),
  ADD KEY `page_module` (`page_module`),
  ADD KEY `page_name` (`page_name`),
  ADD KEY `page_link` (`page_link`);

--
-- Indexes for table `users`
--
ALTER TABLE `users`
  ADD PRIMARY KEY (`user_id`),
  ADD KEY `user_id` (`user_id`),
  ADD KEY `user_role` (`user_role`);

--
-- Indexes for table `userso`
--
ALTER TABLE `userso`
  ADD PRIMARY KEY (`user_id`),
  ADD KEY `user_id` (`user_id`),
  ADD KEY `user_role` (`user_role`);

--
-- Indexes for table `users_test`
--
ALTER TABLE `users_test`
  ADD PRIMARY KEY (`id`);

--
-- Indexes for table `user_roles`
--
ALTER TABLE `user_roles`
  ADD PRIMARY KEY (`role_id`);

--
-- Indexes for table `user_roles_pages`
--
ALTER TABLE `user_roles_pages`
  ADD PRIMARY KEY (`rollpages_id`),
  ADD KEY `rollpages_id` (`rollpages_id`),
  ADD KEY `role_id` (`role_id`),
  ADD KEY `page_id` (`page_id`);

--
-- AUTO_INCREMENT for dumped tables
--

--
-- AUTO_INCREMENT for table `department`
--
ALTER TABLE `department`
  MODIFY `department_id` int(11) NOT NULL AUTO_INCREMENT, AUTO_INCREMENT=20;
--
-- AUTO_INCREMENT for table `dialy_sale_rate`
--
ALTER TABLE `dialy_sale_rate`
  MODIFY `rate_id` int(11) NOT NULL AUTO_INCREMENT, AUTO_INCREMENT=13;
--
-- AUTO_INCREMENT for table `ip_admit`
--
ALTER TABLE `ip_admit`
  MODIFY `ip_id` int(50) NOT NULL AUTO_INCREMENT, AUTO_INCREMENT=8;
--
-- AUTO_INCREMENT for table `k_bankaccnts`
--
ALTER TABLE `k_bankaccnts`
  MODIFY `acc_id` int(11) NOT NULL AUTO_INCREMENT, AUTO_INCREMENT=3;
--
-- AUTO_INCREMENT for table `k_banks`
--
ALTER TABLE `k_banks`
  MODIFY `bank_id` int(11) NOT NULL AUTO_INCREMENT, AUTO_INCREMENT=3;
--
-- AUTO_INCREMENT for table `k_calbrichat9kl`
--
ALTER TABLE `k_calbrichat9kl`
  MODIFY `chart_id` int(11) NOT NULL AUTO_INCREMENT, AUTO_INCREMENT=402;
--
-- AUTO_INCREMENT for table `k_calbrichat10kl`
--
ALTER TABLE `k_calbrichat10kl`
  MODIFY `chart_id` int(11) NOT NULL AUTO_INCREMENT, AUTO_INCREMENT=208;
--
-- AUTO_INCREMENT for table `k_calbrichat15kl`
--
ALTER TABLE `k_calbrichat15kl`
  MODIFY `chart_id` int(11) NOT NULL AUTO_INCREMENT, AUTO_INCREMENT=416;
--
-- AUTO_INCREMENT for table `k_calbrichat16kl`
--
ALTER TABLE `k_calbrichat16kl`
  MODIFY `chart_id` int(11) NOT NULL AUTO_INCREMENT, AUTO_INCREMENT=202;
--
-- AUTO_INCREMENT for table `k_calbrichat20kl`
--
ALTER TABLE `k_calbrichat20kl`
  MODIFY `chart_id` int(11) NOT NULL AUTO_INCREMENT, AUTO_INCREMENT=213;
--
-- AUTO_INCREMENT for table `k_calbrichat22kl`
--
ALTER TABLE `k_calbrichat22kl`
  MODIFY `chart_id` int(11) NOT NULL AUTO_INCREMENT, AUTO_INCREMENT=226;
--
-- AUTO_INCREMENT for table `k_calbritank`
--
ALTER TABLE `k_calbritank`
  MODIFY `calib_id` int(11) NOT NULL AUTO_INCREMENT, AUTO_INCREMENT=5;
--
-- AUTO_INCREMENT for table `k_creditcust`
--
ALTER TABLE `k_creditcust`
  MODIFY `credit_id` int(11) NOT NULL AUTO_INCREMENT;
--
-- AUTO_INCREMENT for table `k_cust`
--
ALTER TABLE `k_cust`
  MODIFY `cust_id` int(11) NOT NULL AUTO_INCREMENT, AUTO_INCREMENT=41;
--
-- AUTO_INCREMENT for table `k_custcredits`
--
ALTER TABLE `k_custcredits`
  MODIFY `creditdet_id` int(11) NOT NULL AUTO_INCREMENT, AUTO_INCREMENT=6;
--
-- AUTO_INCREMENT for table `k_custvehicle`
--
ALTER TABLE `k_custvehicle`
  MODIFY `vehicle_id` int(11) NOT NULL AUTO_INCREMENT, AUTO_INCREMENT=45;
--
-- AUTO_INCREMENT for table `k_emp`
--
ALTER TABLE `k_emp`
  MODIFY `emp_id` int(11) NOT NULL AUTO_INCREMENT, AUTO_INCREMENT=7;
--
-- AUTO_INCREMENT for table `k_empattend`
--
ALTER TABLE `k_empattend`
  MODIFY `attend_id` int(11) NOT NULL AUTO_INCREMENT;
--
-- AUTO_INCREMENT for table `k_empattendens_list`
--
ALTER TABLE `k_empattendens_list`
  MODIFY `attendList_id` int(11) NOT NULL AUTO_INCREMENT;
--
-- AUTO_INCREMENT for table `k_expens`
--
ALTER TABLE `k_expens`
  MODIFY `exp_id` int(11) NOT NULL AUTO_INCREMENT, AUTO_INCREMENT=4;
--
-- AUTO_INCREMENT for table `k_expenses_list`
--
ALTER TABLE `k_expenses_list`
  MODIFY `expses_id` int(11) NOT NULL AUTO_INCREMENT, AUTO_INCREMENT=7;
--
-- AUTO_INCREMENT for table `k_expenstype`
--
ALTER TABLE `k_expenstype`
  MODIFY `exptype_id` int(11) NOT NULL AUTO_INCREMENT, AUTO_INCREMENT=4;
--
-- AUTO_INCREMENT for table `k_invoicecheck`
--
ALTER TABLE `k_invoicecheck`
  MODIFY `check_id` int(11) NOT NULL AUTO_INCREMENT;
--
-- AUTO_INCREMENT for table `k_invoiceship`
--
ALTER TABLE `k_invoiceship`
  MODIFY `ship_id` int(11) NOT NULL AUTO_INCREMENT;
--
-- AUTO_INCREMENT for table `k_invoicesold`
--
ALTER TABLE `k_invoicesold`
  MODIFY `sold_id` int(11) NOT NULL AUTO_INCREMENT;
--
-- AUTO_INCREMENT for table `k_lqproducts`
--
ALTER TABLE `k_lqproducts`
  MODIFY `prod_id` int(11) NOT NULL AUTO_INCREMENT, AUTO_INCREMENT=4;
--
-- AUTO_INCREMENT for table `k_lqsalepump`
--
ALTER TABLE `k_lqsalepump`
  MODIFY `sale_pid` int(11) NOT NULL AUTO_INCREMENT, AUTO_INCREMENT=10;
--
-- AUTO_INCREMENT for table `k_lqsale_nozpump`
--
ALTER TABLE `k_lqsale_nozpump`
  MODIFY `pnoz_id` int(11) NOT NULL AUTO_INCREMENT, AUTO_INCREMENT=31;
--
-- AUTO_INCREMENT for table `k_nozzel`
--
ALTER TABLE `k_nozzel`
  MODIFY `nozel_id` tinyint(5) NOT NULL AUTO_INCREMENT, AUTO_INCREMENT=11;
--
-- AUTO_INCREMENT for table `k_noz_pump`
--
ALTER TABLE `k_noz_pump`
  MODIFY `id` int(11) NOT NULL AUTO_INCREMENT;
--
-- AUTO_INCREMENT for table `k_npur_product`
--
ALTER TABLE `k_npur_product`
  MODIFY `prd_id` int(11) NOT NULL AUTO_INCREMENT, AUTO_INCREMENT=5;
--
-- AUTO_INCREMENT for table `k_product`
--
ALTER TABLE `k_product`
  MODIFY `p_id` int(11) NOT NULL AUTO_INCREMENT, AUTO_INCREMENT=3;
--
-- AUTO_INCREMENT for table `k_product_details`
--
ALTER TABLE `k_product_details`
  MODIFY `k_prdct_id` int(11) NOT NULL AUTO_INCREMENT, AUTO_INCREMENT=88;
--
-- AUTO_INCREMENT for table `k_pumps`
--
ALTER TABLE `k_pumps`
  MODIFY `pump_id` int(11) NOT NULL AUTO_INCREMENT, AUTO_INCREMENT=4;
--
-- AUTO_INCREMENT for table `k_pump_nozzel`
--
ALTER TABLE `k_pump_nozzel`
  MODIFY `pump_id` int(11) NOT NULL AUTO_INCREMENT, AUTO_INCREMENT=11;
--
-- AUTO_INCREMENT for table `k_purchase`
--
ALTER TABLE `k_purchase`
  MODIFY `pur_id` int(11) NOT NULL AUTO_INCREMENT;
--
-- AUTO_INCREMENT for table `k_pur_product`
--
ALTER TABLE `k_pur_product`
  MODIFY `p_product_id` int(11) NOT NULL AUTO_INCREMENT;
--
-- AUTO_INCREMENT for table `k_recovery`
--
ALTER TABLE `k_recovery`
  MODIFY `recovery_id` int(11) NOT NULL AUTO_INCREMENT, AUTO_INCREMENT=6;
--
-- AUTO_INCREMENT for table `k_sale_product`
--
ALTER TABLE `k_sale_product`
  MODIFY `s_prd_id` int(11) NOT NULL AUTO_INCREMENT, AUTO_INCREMENT=7;
--
-- AUTO_INCREMENT for table `k_stock`
--
ALTER TABLE `k_stock`
  MODIFY `stock_id` int(11) NOT NULL AUTO_INCREMENT, AUTO_INCREMENT=9;
--
-- AUTO_INCREMENT for table `k_stock1`
--
ALTER TABLE `k_stock1`
  MODIFY `stock_id` int(11) NOT NULL AUTO_INCREMENT, AUTO_INCREMENT=5;
--
-- AUTO_INCREMENT for table `k_stock_purdetails`
--
ALTER TABLE `k_stock_purdetails`
  MODIFY `purstock_id` int(11) NOT NULL AUTO_INCREMENT;
--
-- AUTO_INCREMENT for table `k_swipecash`
--
ALTER TABLE `k_swipecash`
  MODIFY `swp_id` int(11) NOT NULL AUTO_INCREMENT, AUTO_INCREMENT=6;
--
-- AUTO_INCREMENT for table `k_tank`
--
ALTER TABLE `k_tank`
  MODIFY `tank_id` int(11) NOT NULL AUTO_INCREMENT, AUTO_INCREMENT=5;
--
-- AUTO_INCREMENT for table `k_vendors`
--
ALTER TABLE `k_vendors`
  MODIFY `vend_id` int(11) NOT NULL AUTO_INCREMENT;
--
-- AUTO_INCREMENT for table `k_vendortrans`
--
ALTER TABLE `k_vendortrans`
  MODIFY `trans_id` int(11) NOT NULL AUTO_INCREMENT;
--
-- AUTO_INCREMENT for table `logfile`
--
ALTER TABLE `logfile`
  MODIFY `logid` bigint(11) NOT NULL AUTO_INCREMENT, AUTO_INCREMENT=238;
--
-- AUTO_INCREMENT for table `pages`
--
ALTER TABLE `pages`
  MODIFY `page_id` int(11) NOT NULL AUTO_INCREMENT, AUTO_INCREMENT=207;
--
-- AUTO_INCREMENT for table `users`
--
ALTER TABLE `users`
  MODIFY `user_id` int(11) NOT NULL AUTO_INCREMENT, AUTO_INCREMENT=9;
--
-- AUTO_INCREMENT for table `userso`
--
ALTER TABLE `userso`
  MODIFY `user_id` int(11) NOT NULL AUTO_INCREMENT;
--
-- AUTO_INCREMENT for table `users_test`
--
ALTER TABLE `users_test`
  MODIFY `id` int(11) NOT NULL AUTO_INCREMENT;
--
-- AUTO_INCREMENT for table `user_roles`
--
ALTER TABLE `user_roles`
  MODIFY `role_id` int(11) NOT NULL AUTO_INCREMENT, AUTO_INCREMENT=5;
--
-- AUTO_INCREMENT for table `user_roles_pages`
--
ALTER TABLE `user_roles_pages`
  MODIFY `rollpages_id` bigint(11) NOT NULL AUTO_INCREMENT, AUTO_INCREMENT=7671;
/*!40101 SET CHARACTER_SET_CLIENT=@OLD_CHARACTER_SET_CLIENT */;
/*!40101 SET CHARACTER_SET_RESULTS=@OLD_CHARACTER_SET_RESULTS */;
/*!40101 SET COLLATION_CONNECTION=@OLD_COLLATION_CONNECTION */;
